90001,33.9736,-118.2479,LOS ANGELES
90002,33.9490,-118.2460,LOS ANGELES
90003,33.9640,-118.2737,LOS ANGELES
90004,34.0761,-118.3108,LOS ANGELES
90005,34.0584,-118.3113,LOS ANGELES
90006,34.0476,-118.2923,LOS ANGELES
90007,34.0265,-118.2828,LOS ANGELES
90008,34.0069,-118.3457,LOS ANGELES
90009,34.0522,-118.2425,LOS ANGELES
90010,34.0633,-118.3121,LOS ANGELES
90011,34.0098,-118.2586,LOS ANGELES
90012,34.0655,-118.2405,LOS ANGELES
90013,34.0456,-118.2416,LOS ANGELES
90014,34.0430,-118.2523,LOS ANGELES
90015,34.0405,-118.2670,LOS ANGELES
90016,34.0290,-118.3578,LOS ANGELES
90017,34.0529,-118.2649,LOS ANGELES
90018,34.0273,-118.3177,LOS ANGELES
90019,34.0485,-118.3395,LOS ANGELES
90020,34.0661,-118.3114,LOS ANGELES
90021,34.0298,-118.2403,LOS ANGELES
90022,34.0294,-118.1513,LOS ANGELES
90023,34.0172,-118.2002,LOS ANGELES
90024,34.0657,-118.4341,LOS ANGELES
90025,34.0454,-118.4436,LOS ANGELES
90026,34.0761,-118.2623,LOS ANGELES
90027,34.1280,-118.2891,LOS ANGELES
90028,34.0996,-118.3275,LOS ANGELES
90029,34.0897,-118.2926,LOS ANGELES
90030,34.0522,-118.2429,LOS ANGELES
90031,34.0791,-118.2181,LOS ANGELES
90032,34.0826,-118.1773,LOS ANGELES
90033,34.0497,-118.2113,LOS ANGELES
90034,34.0293,-118.3994,LOS ANGELES
90035,34.0521,-118.3853,LOS ANGELES
90036,34.0704,-118.3505,LOS ANGELES
90037,34.0033,-118.2889,LOS ANGELES
90038,34.0892,-118.3272,LOS ANGELES
90039,34.1120,-118.2604,LOS ANGELES
90040,33.9941,-118.1523,LOS ANGELES
90041,34.1341,-118.2053,LOS ANGELES
90042,34.1133,-118.1915,LOS ANGELES
90043,33.9855,-118.3380,LOS ANGELES
90044,33.9531,-118.2920,LOS ANGELES
90045,33.9551,-118.4020,LOS ANGELES
90046,34.1073,-118.3689,LOS ANGELES
90047,33.9530,-118.3094,LOS ANGELES
90048,34.0710,-118.3762,LOS ANGELES
90049,34.0863,-118.4883,LOS ANGELES
90050,34.0522,-118.2429,LOS ANGELES
90051,34.0522,-118.2429,LOS ANGELES
90052,34.0522,-118.2429,LOS ANGELES
90053,34.0522,-118.2429,LOS ANGELES
90054,34.0522,-118.2429,LOS ANGELES
90055,34.0522,-118.2429,LOS ANGELES
90056,33.9945,-118.3743,LOS ANGELES
90057,34.0623,-118.2762,LOS ANGELES
90058,34.0019,-118.2126,LOS ANGELES
90059,33.9207,-118.2452,LOS ANGELES
90060,34.0522,-118.2429,LOS ANGELES
90061,33.9206,-118.2739,LOS ANGELES
90062,34.0037,-118.3097,LOS ANGELES
90063,34.0438,-118.1875,LOS ANGELES
90064,34.0371,-118.4279,LOS ANGELES
90065,34.1115,-118.2286,LOS ANGELES
90066,34.0002,-118.4326,LOS ANGELES
90067,34.0578,-118.4138,LOS ANGELES
90068,34.1299,-118.3355,LOS ANGELES
90069,34.0942,-118.3809,WEST HOLLYWOOD
90070,34.0578,-118.2725,LOS ANGELES
90071,34.0525,-118.2553,LOS ANGELES
90072,34.0522,-118.2429,LOS ANGELES
90073,34.0592,-118.4514,LOS ANGELES
90074,34.0522,-118.2429,LOS ANGELES
90075,34.0522,-118.2429,LOS ANGELES
90076,34.0522,-118.2429,LOS ANGELES
90077,34.1027,-118.4525,LOS ANGELES
90078,34.0522,-118.2429,LOS ANGELES
90079,34.0406,-118.2554,LOS ANGELES
90080,34.0522,-118.2429,LOS ANGELES
90081,34.0522,-118.2429,LOS ANGELES
90082,34.0522,-118.2429,LOS ANGELES
90083,34.0522,-118.2429,LOS ANGELES
90084,34.0617,-118.4474,LOS ANGELES
90086,34.0522,-118.2429,LOS ANGELES
90087,34.0522,-118.2429,LOS ANGELES
90088,34.0522,-118.2429,LOS ANGELES
90089,34.0218,-118.2883,LOS ANGELES
90091,34.0002,-118.1535,LOS ANGELES
90093,34.0522,-118.2429,LOS ANGELES
90094,33.9762,-118.4171,PLAYA VISTA
90095,34.0710,-118.4432,LOS ANGELES
90096,34.0765,-118.2093,LOS ANGELES
90099,34.0597,-118.2489,LOS ANGELES
90134,33.9777,-118.2566,LOS ANGELES
90140,33.9868,-118.1550,LOS ANGELES
90189,34.0583,-118.2476,LOS ANGELES
90201,33.9762,-118.1676,BELL GARDENS
90202,33.9656,-118.1519,BELL
90205,0.0000,0.0000,BELL GARDENS
90209,34.0738,-118.3994,BEVERLY HILLS
90210,34.1031,-118.4163,BEVERLY HILLS
90211,34.0646,-118.3814,BEVERLY HILLS
90212,34.0611,-118.4021,BEVERLY HILLS
90213,34.0738,-118.3994,BEVERLY HILLS
90220,33.8750,-118.2408,COMPTON
90221,33.8848,-118.2062,COMPTON
90222,33.9137,-118.2355,COMPTON
90223,33.8959,-118.2192,COMPTON
90224,33.8959,-118.2192,COMPTON
90230,33.9954,-118.3999,CULVER CITY
90231,34.0212,-118.3956,CULVER CITY
90232,34.0193,-118.3935,CULVER CITY
90239,33.9400,-118.1319,DOWNEY
90240,33.9559,-118.1189,DOWNEY
90241,33.9390,-118.1256,DOWNEY
90242,33.9231,-118.1391,DOWNEY
90245,33.9161,-118.4041,EL SEGUNDO
90247,33.8946,-118.2992,GARDENA
90248,33.8767,-118.2836,GARDENA
90249,33.8997,-118.3177,GARDENA
90250,33.9128,-118.3456,HAWTHORNE
90251,33.9167,-118.3514,HAWTHORNE
90254,33.8648,-118.3972,HERMOSA BEACH
90255,33.9775,-118.2130,HUNTINGTON PARK
90260,33.8874,-118.3561,LAWNDALE
90262,33.9253,-118.2031,LYNWOOD
90263,34.0399,-118.7077,MALIBU
90264,34.0415,-118.6365,MALIBU
90265,34.0637,-118.7898,MALIBU
90266,33.8895,-118.4009,MANHATTAN BEACH
90267,33.8899,-118.4016,MANHATTAN BEACH
90270,33.9884,-118.1873,MAYWOOD
90272,34.0783,-118.5475,PACIFIC PALISADES
90274,33.7733,-118.3392,PALOS VERDES PENINSULA
90275,33.7554,-118.3636,RANCHO PALOS VERDES
90277,33.8308,-118.3875,REDONDO BEACH
90278,33.8745,-118.3720,REDONDO BEACH
90280,33.9385,-118.1904,SOUTH GATE
90290,34.0899,-118.6092,TOPANGA
90291,33.9942,-118.4637,VENICE
90292,33.9779,-118.4453,MARINA DEL REY
90293,33.9456,-118.4412,PLAYA DEL REY
90294,33.9905,-118.4595,VENICE
90295,33.9813,-118.4387,MARINA DEL REY
90296,33.9487,-118.4449,PLAYA DEL REY
90301,33.9584,-118.3613,INGLEWOOD
90302,33.9729,-118.3538,INGLEWOOD
90303,33.9346,-118.3308,INGLEWOOD
90304,33.9346,-118.3613,INGLEWOOD
90305,33.9600,-118.3309,INGLEWOOD
90306,33.9617,-118.3523,INGLEWOOD
90307,33.9617,-118.3523,INGLEWOOD
90308,33.9617,-118.3523,INGLEWOOD
90309,33.9617,-118.3523,INGLEWOOD
90310,33.9617,-118.3523,INGLEWOOD
90311,33.9609,-118.3514,INGLEWOOD
90312,33.9617,-118.3523,INGLEWOOD
90401,34.0153,-118.4936,SANTA MONICA
90402,34.0350,-118.5022,SANTA MONICA
90403,34.0305,-118.4904,SANTA MONICA
90404,34.0268,-118.4718,SANTA MONICA
90405,34.0113,-118.4685,SANTA MONICA
90406,34.0195,-118.4906,SANTA MONICA
90407,34.0195,-118.4906,SANTA MONICA
90408,34.0195,-118.4906,SANTA MONICA
90409,34.0195,-118.4906,SANTA MONICA
90410,34.0195,-118.4906,SANTA MONICA
90411,34.0195,-118.4906,SANTA MONICA
90501,33.8302,-118.3135,TORRANCE
90502,33.8340,-118.2923,TORRANCE
90503,33.8402,-118.3532,TORRANCE
90504,33.8726,-118.3313,TORRANCE
90505,33.8040,-118.3519,TORRANCE
90506,33.8832,-118.3325,TORRANCE
90507,33.8355,-118.3399,TORRANCE
90508,33.8355,-118.3399,TORRANCE
90509,33.8355,-118.3399,TORRANCE
90510,33.8355,-118.3399,TORRANCE
90601,34.0033,-118.0261,WHITTIER
90602,33.9684,-118.0303,WHITTIER
90603,33.9471,-117.9948,WHITTIER
90604,33.9327,-118.0090,WHITTIER
90605,33.9499,-118.0235,WHITTIER
90606,33.9815,-118.0644,WHITTIER
90607,33.9792,-118.0317,WHITTIER
90608,33.9792,-118.0317,WHITTIER
90609,33.9792,-118.0317,WHITTIER
90610,33.9685,-118.0698,WHITTIER
90620,33.8417,-118.0078,BUENA PARK
90621,33.8759,-117.9937,BUENA PARK
90622,33.8677,-117.9974,BUENA PARK
90623,33.8508,-118.0435,LA PALMA
90624,33.8677,-117.9974,BUENA PARK
90630,33.8189,-118.0370,CYPRESS
90631,33.9393,-117.9559,LA HABRA
90632,33.9319,-117.9455,LA HABRA
90633,33.9319,-117.9455,LA HABRA
90637,33.9172,-118.0114,LA MIRADA
90638,33.9008,-118.0072,LA MIRADA
90639,33.9068,-118.0154,LA MIRADA
90640,34.0079,-118.1075,MONTEBELLO
90650,33.9073,-118.0758,NORWALK
90651,33.9024,-118.0806,NORWALK
90652,33.9024,-118.0806,NORWALK
90660,33.9866,-118.0863,PICO RIVERA
90661,33.9833,-118.0958,PICO RIVERA
90662,33.9833,-118.0958,PICO RIVERA
90670,33.9232,-118.0576,SANTA FE SPRINGS
90671,33.9472,-118.0846,SANTA FE SPRINGS
90680,33.7952,-117.9983,STANTON
90701,33.8668,-118.0801,ARTESIA
90702,33.8656,-118.0825,ARTESIA
90703,33.8670,-118.0686,CERRITOS
90704,33.3915,-118.4485,AVALON
90706,33.8880,-118.1290,BELLFLOWER
90707,33.8819,-118.1162,BELLFLOWER
90710,33.7980,-118.2967,HARBOR CITY
90711,33.8539,-118.1333,LAKEWOOD
90712,33.8454,-118.1464,LAKEWOOD
90713,33.8505,-118.1093,LAKEWOOD
90714,33.8539,-118.1333,LAKEWOOD
90715,33.8406,-118.0788,LAKEWOOD
90716,33.8313,-118.0729,HAWAIIAN GARDENS
90717,33.7913,-118.3186,LOMITA
90720,33.7972,-118.0628,LOS ALAMITOS
90721,33.8032,-118.0714,LOS ALAMITOS
90723,33.8991,-118.1652,PARAMOUNT
90731,33.7433,-118.2754,SAN PEDRO
90732,33.7426,-118.3108,SAN PEDRO
90733,33.7358,-118.2916,SAN PEDRO
90734,33.7358,-118.2916,SAN PEDRO
90740,33.7569,-118.0786,SEAL BEACH
90742,33.7178,-118.0710,SUNSET BEACH
90743,33.7284,-118.0855,SURFSIDE
90744,33.7789,-118.2593,WILMINGTON
90745,33.8262,-118.2589,CARSON
90746,33.8608,-118.2571,CARSON
90747,33.8671,-118.2565,CARSON
90748,33.7800,-118.2619,WILMINGTON
90749,33.8317,-118.2811,CARSON
90755,33.8044,-118.1672,SIGNAL HILL
90801,33.7668,-118.1886,LONG BEACH
90802,33.7465,-118.2133,LONG BEACH
90803,33.7596,-118.1302,LONG BEACH
90804,33.7862,-118.1452,LONG BEACH
90805,33.8620,-118.1777,LONG BEACH
90806,33.8029,-118.1932,LONG BEACH
90807,33.8307,-118.1753,LONG BEACH
90808,33.8287,-118.1102,LONG BEACH
90809,33.7668,-118.1886,LONG BEACH
90810,33.8183,-118.2231,LONG BEACH
90813,33.7778,-118.2038,LONG BEACH
90814,33.7711,-118.1423,LONG BEACH
90815,33.7935,-118.1144,LONG BEACH
90822,33.7785,-118.1183,LONG BEACH
90831,33.7683,-118.2021,LONG BEACH
90832,33.7668,-118.1886,LONG BEACH
90833,33.7808,-118.1589,LONG BEACH
90840,33.7841,-118.1204,LONG BEACH
90842,33.7668,-118.1886,LONG BEACH
90844,33.7744,-118.1921,LONG BEACH
90846,33.7668,-118.1886,LONG BEACH
90847,33.7668,-118.1886,LONG BEACH
90848,33.7668,-118.1886,LONG BEACH
90853,33.7668,-118.1886,LONG BEACH
90895,33.8402,-118.2183,CARSON
91001,34.1963,-118.1356,ALTADENA
91003,34.1897,-118.1303,ALTADENA
91006,34.1344,-118.0324,ARCADIA
91007,34.1251,-118.0495,ARCADIA
91008,34.1543,-117.9686,DUARTE
91009,34.1397,-117.9765,DUARTE
91010,34.1415,-117.9571,DUARTE
91011,34.2231,-118.2017,LA CANADA FLINTRIDGE
91012,34.2086,-118.2014,LA CANADA FLINTRIDGE
91016,34.1879,-117.9992,MONROVIA
91017,34.1482,-117.9983,MONROVIA
91020,34.2119,-118.2301,MONTROSE
91021,34.2067,-118.2236,MONTROSE
91023,34.2267,-118.0655,MOUNT WILSON
91024,34.1686,-118.0471,SIERRA MADRE
91025,34.1618,-118.0518,SIERRA MADRE
91030,34.1130,-118.1565,SOUTH PASADENA
91031,34.1162,-118.1497,SOUTH PASADENA
91040,34.2853,-118.3145,SUNLAND
91041,34.2666,-118.3016,SUNLAND
91042,34.2801,-118.2352,TUJUNGA
91043,34.2524,-118.2876,TUJUNGA
91046,34.2114,-118.2389,VERDUGO CITY
91066,34.1398,-118.0346,ARCADIA
91077,34.1398,-118.0346,ARCADIA
91101,34.1468,-118.1382,PASADENA
91102,34.1478,-118.1436,PASADENA
91103,34.1677,-118.1696,PASADENA
91104,34.1697,-118.1222,PASADENA
91105,34.1443,-118.1681,PASADENA
91106,34.1379,-118.1295,PASADENA
91107,34.1620,-118.0894,PASADENA
91108,34.1212,-118.1151,SAN MARINO
91109,34.1478,-118.1436,PASADENA
91110,34.1478,-118.1436,PASADENA
91114,34.1478,-118.1436,PASADENA
91115,34.1478,-118.1436,PASADENA
91116,34.1478,-118.1436,PASADENA
91117,34.1478,-118.1436,PASADENA
91118,34.1478,-118.1436,SAN MARINO
91121,34.1478,-118.1436,PASADENA
91123,34.1427,-118.1581,PASADENA
91124,34.1478,-118.1436,PASADENA
91125,34.1478,-118.1436,PASADENA
91126,34.1478,-118.1436,PASADENA
91129,34.1478,-118.1436,PASADENA
91182,34.1478,-118.1436,PASADENA
91184,34.1478,-118.1436,PASADENA
91185,34.1478,-118.1436,PASADENA
91188,34.1504,-118.1422,PASADENA
91189,34.1478,-118.1436,PASADENA
91199,34.1700,-118.1200,PASADENA
91201,34.1715,-118.2916,GLENDALE
91202,34.1699,-118.2663,GLENDALE
91203,34.1528,-118.2656,GLENDALE
91204,34.1328,-118.2617,GLENDALE
91205,34.1346,-118.2416,GLENDALE
91206,34.1605,-118.2135,GLENDALE
91207,34.1879,-118.2589,GLENDALE
91208,34.1933,-118.2495,GLENDALE
91209,34.1427,-118.2544,GLENDALE
91210,34.1445,-118.2567,GLENDALE
91214,34.2312,-118.2455,LA CRESCENTA
91221,34.1427,-118.2544,GLENDALE
91222,34.1427,-118.2544,GLENDALE
91224,34.1427,-118.2544,LA CRESCENTA
91225,34.1427,-118.2544,GLENDALE
91226,34.1427,-118.2544,GLENDALE
91301,34.1435,-118.7632,AGOURA HILLS
91302,34.1211,-118.6646,CALABASAS
91303,34.1974,-118.6016,CANOGA PARK
91304,34.2296,-118.6307,CANOGA PARK
91305,34.2012,-118.5975,CANOGA PARK
91306,34.2106,-118.5754,WINNETKA
91307,34.2094,-118.6799,WEST HILLS
91308,34.2012,-118.5975,WEST HILLS
91309,34.2012,-118.5975,CANOGA PARK
91310,34.4864,-118.5786,CASTAIC
91311,34.2868,-118.5959,CHATSWORTH
91313,34.2575,-118.6005,CHATSWORTH
91316,34.1621,-118.5164,ENCINO
91319,34.1843,-118.9097,NEWBURY PARK
91320,34.1425,-118.9762,NEWBURY PARK
91321,34.3604,-118.4624,NEWHALL
91322,34.3849,-118.5300,NEWHALL
91324,34.2388,-118.5535,NORTHRIDGE
91325,34.2330,-118.5192,NORTHRIDGE
91326,34.2808,-118.5573,PORTER RANCH
91327,34.2284,-118.5356,NORTHRIDGE
91328,34.2284,-118.5356,NORTHRIDGE
91330,34.2429,-118.5273,NORTHRIDGE
91331,34.2567,-118.4186,PACOIMA
91333,34.2628,-118.4264,PACOIMA
91334,34.2574,-118.2559,PACOIMA
91335,34.2007,-118.5404,RESEDA
91337,34.2012,-118.5356,RESEDA
91340,34.2872,-118.4333,SAN FERNANDO
91341,34.2818,-118.4383,SAN FERNANDO
91342,34.3181,-118.3992,SYLMAR
91343,34.2391,-118.4772,NORTH HILLS
91344,34.2940,-118.5076,GRANADA HILLS
91345,34.2718,-118.4574,MISSION HILLS
91346,34.2575,-118.4663,MISSION HILLS
91350,34.4242,-118.5073,SANTA CLARITA
91351,34.4395,-118.4627,CANYON COUNTRY
91352,34.2316,-118.3445,SUN VALLEY
91353,34.2177,-118.3694,SUN VALLEY
91354,34.4524,-118.5532,VALENCIA
91355,34.4288,-118.5877,VALENCIA
91356,34.1550,-118.5462,TARZANA
91357,34.1734,-118.5531,TARZANA
91358,34.1707,-118.8364,THOUSAND OAKS
91359,34.1707,-118.8364,WESTLAKE VILLAGE
91360,34.2134,-118.8814,THOUSAND OAKS
91361,34.1496,-118.8782,WESTLAKE VILLAGE
91362,34.1963,-118.8193,THOUSAND OAKS
91364,34.1542,-118.5994,WOODLAND HILLS
91365,34.1684,-118.6050,WOODLAND HILLS
91367,34.1749,-118.6153,WOODLAND HILLS
91371,34.1836,-118.5797,WOODLAND HILLS
91372,34.1575,-118.6375,CALABASAS
91376,34.1232,-118.7700,AGOURA HILLS
91377,34.1882,-118.7648,OAK PARK
91380,34.4194,-118.5558,SANTA CLARITA
91381,34.3708,-118.6163,STEVENSON RANCH
91382,34.3796,-118.5278,SANTA CLARITA
91383,34.4296,-118.6383,SANTA CLARITA
91384,34.5307,-118.6340,CASTAIC
91385,34.2007,-118.5393,VALENCIA
91386,34.4200,-118.4500,CANYON COUNTRY
91387,34.4247,-118.4100,CANYON COUNTRY
91390,34.5362,-118.4016,SANTA CLARITA
91392,34.3076,-118.4485,SYLMAR
91393,34.1618,-118.2817,NORTH HILLS
91394,34.2647,-118.5222,GRANADA HILLS
91395,34.2575,-118.4663,MISSION HILLS
91396,34.2083,-118.5752,WINNETKA
91401,34.1794,-118.4307,VAN NUYS
91402,34.2288,-118.4444,PANORAMA CITY
91403,34.1456,-118.4662,SHERMAN OAKS
91404,34.1869,-118.4484,VAN NUYS
91405,34.2027,-118.4445,VAN NUYS
91406,34.1961,-118.4924,VAN NUYS
91407,34.1869,-118.4484,VAN NUYS
91408,34.1869,-118.4484,VAN NUYS
91409,34.1869,-118.4484,VAN NUYS
91410,34.1869,-118.4484,VAN NUYS
91411,34.1778,-118.4614,VAN NUYS
91412,34.2249,-118.4489,PANORAMA CITY
91413,34.1511,-118.4485,SHERMAN OAKS
91416,34.1592,-118.5003,ENCINO
91423,34.1465,-118.4311,SHERMAN OAKS
91426,34.1592,-118.5003,ENCINO
91436,34.1536,-118.4977,ENCINO
91470,34.1869,-118.4484,VAN NUYS
91482,34.1869,-118.4484,VAN NUYS
91499,34.1869,-118.4484,VAN NUYS
91501,34.1995,-118.3044,BURBANK
91502,34.1773,-118.3096,BURBANK
91503,34.1808,-118.3083,BURBANK
91504,34.2031,-118.3266,BURBANK
91505,34.1781,-118.3478,BURBANK
91506,34.1715,-118.3215,BURBANK
91507,34.1808,-118.3083,BURBANK
91508,34.1808,-118.3083,BURBANK
91510,34.1808,-118.3083,BURBANK
91521,34.1569,-118.3252,BURBANK
91522,34.1467,-118.3397,BURBANK
91523,34.1546,-118.3332,BURBANK
91601,34.1685,-118.3698,NORTH HOLLYWOOD
91602,34.1498,-118.3664,NORTH HOLLYWOOD
91603,34.1722,-118.3782,NORTH HOLLYWOOD
91604,34.1391,-118.3915,STUDIO CITY
91605,34.2082,-118.3941,NORTH HOLLYWOOD
91606,34.1867,-118.3907,NORTH HOLLYWOOD
91607,34.1649,-118.4009,VALLEY VILLAGE
91608,34.1376,-118.3530,UNIVERSAL CITY
91609,34.1722,-118.3782,NORTH HOLLYWOOD
91610,34.1722,-118.3782,TOLUCA LAKE
91614,34.1722,-118.3782,STUDIO CITY
91615,34.1722,-118.3782,NORTH HOLLYWOOD
91616,34.1722,-118.3782,NORTH HOLLYWOOD
91617,34.1722,-118.3782,VALLEY VILLAGE
91618,34.1722,-118.3782,NORTH HOLLYWOOD
91701,34.1697,-117.6216,RANCHO CUCAMONGA
91702,34.1381,-117.9122,AZUSA
91706,34.0966,-117.9667,BALDWIN PARK
91708,33.9560,-117.6453,CHINO
91709,33.9474,-117.7289,CHINO HILLS
91710,34.0068,-117.6696,CHINO
91711,34.1223,-117.7143,CLAREMONT
91714,34.0945,-118.1256,CITY OF INDUSTRY
91715,34.0945,-118.1256,CITY OF INDUSTRY
91716,34.0914,-118.1226,CITY OF INDUSTRY
91722,34.0966,-117.9073,COVINA
91723,34.0847,-117.8880,COVINA
91724,34.0793,-117.8511,COVINA
91729,34.1065,-117.5922,RANCHO CUCAMONGA
91730,34.0994,-117.5763,RANCHO CUCAMONGA
91731,34.0799,-118.0454,EL MONTE
91732,34.0709,-118.0140,EL MONTE
91733,34.0448,-118.0520,SOUTH EL MONTE
91734,34.0689,-118.0268,EL MONTE
91735,34.0689,-118.0268,EL MONTE
91737,34.1526,-117.5791,RANCHO CUCAMONGA
91739,34.1246,-117.5214,RANCHO CUCAMONGA
91740,34.1173,-117.8465,GLENDORA
91741,34.1545,-117.8409,GLENDORA
91743,34.0663,-117.5893,GUASTI
91744,34.0288,-117.9330,LA PUENTE
91745,34.0018,-117.9834,HACIENDA HEIGHTS
91746,34.0433,-117.9953,LA PUENTE
91747,34.0203,-117.9487,LA PUENTE
91748,33.9798,-117.9032,ROWLAND HEIGHTS
91749,34.0203,-117.9487,LA PUENTE
91750,34.1478,-117.7521,LA VERNE
91752,33.9895,-117.5316,MIRA LOMA
91754,34.0526,-118.1478,MONTEREY PARK
91755,34.0516,-118.1117,MONTEREY PARK
91756,34.0625,-118.1216,MONTEREY PARK
91758,34.0635,-117.6503,ONTARIO
91759,34.2487,-117.5524,MT BALDY
91761,34.0267,-117.5875,ONTARIO
91762,33.9930,-117.6130,ONTARIO
91763,34.0713,-117.7009,MONTCLAIR
91764,34.0753,-117.6021,ONTARIO
91765,33.9945,-117.8183,DIAMOND BAR
91766,34.0390,-117.7608,POMONA
91767,34.0857,-117.7351,POMONA
91768,34.0635,-117.7922,POMONA
91769,34.0554,-117.7516,POMONA
91770,34.0625,-118.0820,ROSEMEAD
91771,34.0806,-118.0716,ROSEMEAD
91772,34.0806,-118.0716,ROSEMEAD
91773,34.1154,-117.8130,SAN DIMAS
91775,34.1146,-118.0894,SAN GABRIEL
91776,34.0874,-118.0935,SAN GABRIEL
91778,34.0962,-118.1052,SAN GABRIEL
91780,34.1031,-118.0509,TEMPLE CITY
91784,34.1499,-117.6572,UPLAND
91785,34.0978,-117.6478,UPLAND
91786,34.1038,-117.6639,UPLAND
91788,34.0203,-117.8647,WALNUT
91789,34.0130,-117.8539,WALNUT
91790,34.0701,-117.9419,WEST COVINA
91791,34.0620,-117.8874,WEST COVINA
91792,34.0246,-117.8973,WEST COVINA
91793,34.0689,-117.9383,WEST COVINA
91801,34.0905,-118.1346,ALHAMBRA
91802,34.0954,-118.1263,ALHAMBRA
91803,34.0756,-118.1440,ALHAMBRA
91804,34.0865,-118.1333,ALHAMBRA
91896,34.0954,-118.1263,ALHAMBRA
91899,34.0954,-118.1263,ALHAMBRA
91901,32.7899,-116.7112,ALPINE
91902,32.6786,-117.0137,BONITA
91903,32.8352,-116.7659,ALPINE
91905,32.7336,-116.3019,BOULEVARD
91906,32.7025,-116.5046,CAMPO
91908,32.6576,-117.0293,BONITA
91909,32.6403,-117.0834,CHULA VISTA
91910,32.6357,-117.0526,CHULA VISTA
91911,32.6070,-117.0503,CHULA VISTA
91912,32.6403,-117.0834,CHULA VISTA
91913,32.6325,-116.9912,CHULA VISTA
91914,32.6578,-116.9634,CHULA VISTA
91915,32.6199,-116.9671,CHULA VISTA
91916,32.9057,-116.6448,DESCANSO
91917,32.6136,-116.7379,DULZURA
91921,32.6474,-117.0549,CHULA VISTA
91931,32.8685,-116.5709,GUATAY
91932,32.5721,-117.1134,IMPERIAL BEACH
91933,32.5839,-117.1124,IMPERIAL BEACH
91934,32.6350,-116.1926,JACUMBA
91935,32.6762,-116.8048,JAMUL
91941,32.7601,-116.9993,LA MESA
91942,32.7830,-117.0192,LA MESA
91943,32.7679,-117.0224,LA MESA
91944,32.7679,-117.0224,LA MESA
91945,32.7343,-117.0364,LEMON GROVE
91946,32.7427,-117.0307,LEMON GROVE
91948,32.8410,-116.4457,MOUNT LAGUNA
91950,32.6668,-117.0888,NATIONAL CITY
91951,32.6784,-117.0986,NATIONAL CITY
91962,32.8130,-116.4623,PINE VALLEY
91963,32.6425,-116.6151,POTRERO
91976,32.7449,-116.9981,SPRING VALLEY
91977,32.7246,-116.9936,SPRING VALLEY
91978,32.7019,-116.9399,SPRING VALLEY
91979,32.7449,-116.9981,SPRING VALLEY
91980,32.5881,-116.6608,TECATE
91987,32.5774,-116.6269,TECATE
92003,33.2869,-117.2053,BONSALL
92004,33.1575,-116.1222,BORREGO SPRINGS
92007,33.0179,-117.2682,CARDIFF BY THE SEA
92008,33.1508,-117.3133,CARLSBAD
92009,33.0957,-117.2440,CARLSBAD
92010,33.1556,-117.2794,CARLSBAD
92011,33.1086,-117.2990,CARLSBAD
92013,33.0963,-117.2626,CARLSBAD
92014,32.9667,-117.2585,DEL MAR
92018,33.1584,-117.3497,CARLSBAD
92019,32.7797,-116.8775,EL CAJON
92020,32.7938,-116.9695,EL CAJON
92021,32.8428,-116.8765,EL CAJON
92022,32.7948,-116.9617,EL CAJON
92023,33.0368,-117.2914,ENCINITAS
92024,33.0545,-117.2498,ENCINITAS
92025,33.0853,-117.0249,ESCONDIDO
92026,33.2235,-117.1068,ESCONDIDO
92027,33.1387,-116.9893,ESCONDIDO
92028,33.3943,-117.2964,FALLBROOK
92029,33.0854,-117.1369,ESCONDIDO
92030,33.1195,-117.0856,ESCONDIDO
92033,33.1195,-117.0856,ESCONDIDO
92036,32.9152,-116.4220,JULIAN
92037,32.8668,-117.2482,LA JOLLA
92038,32.8473,-117.2734,LA JOLLA
92039,32.8473,-117.2734,LA JOLLA
92040,32.9030,-116.8655,LAKESIDE
92046,33.1195,-117.0856,ESCONDIDO
92049,33.1959,-117.3789,OCEANSIDE
92051,33.1959,-117.3789,OCEANSIDE
92052,33.1959,-117.3789,OCEANSIDE
92054,33.1942,-117.3634,OCEANSIDE
92055,33.3683,-117.4140,CAMP PENDLETON
92056,33.2006,-117.2912,OCEANSIDE
92057,33.2524,-117.2860,OCEANSIDE
92058,33.2858,-117.3561,OCEANSIDE
92059,33.3846,-117.0674,PALA
92060,33.3065,-116.8268,PALOMAR MOUNTAIN
92061,33.3068,-116.9212,PAUMA VALLEY
92064,32.9935,-117.0171,POWAY
92065,33.0504,-116.8281,RAMONA
92066,33.2543,-116.5531,RANCHITA
92067,33.0248,-117.1960,RANCHO SANTA FE
92068,33.2265,-117.3302,SAN LUIS REY
92069,33.1871,-117.1585,SAN MARCOS
92070,33.1768,-116.7453,SANTA YSABEL
92071,32.8699,-117.0130,SANTEE
92072,32.8383,-116.9733,SANTEE
92074,32.9629,-117.0351,POWAY
92075,32.9922,-117.2571,SOLANA BEACH
92078,33.1226,-117.1799,SAN MARCOS
92079,33.1434,-117.1656,SAN MARCOS
92081,33.1631,-117.2475,VISTA
92082,33.2582,-116.9812,VALLEY CENTER
92083,33.1971,-117.2467,VISTA
92084,33.2109,-117.2076,VISTA
92085,33.2003,-117.2419,VISTA
92086,33.2627,-116.6486,WARNER SPRINGS
92088,33.3767,-117.2505,FALLBROOK
92091,33.0550,-117.1861,RANCHO SANTA FE
92092,32.8786,-117.2315,LA JOLLA
92093,32.8815,-117.2373,LA JOLLA
92096,33.1293,-117.1584,SAN MARCOS
92101,32.7243,-117.1697,SAN DIEGO
92102,32.7158,-117.1166,SAN DIEGO
92103,32.7454,-117.1702,SAN DIEGO
92104,32.7398,-117.1284,SAN DIEGO
92105,32.7366,-117.0894,SAN DIEGO
92106,32.7084,-117.2324,SAN DIEGO
92107,32.7350,-117.2411,SAN DIEGO
92108,32.7740,-117.1474,SAN DIEGO
92109,32.7907,-117.2336,SAN DIEGO
92110,32.7688,-117.2037,SAN DIEGO
92111,32.8070,-117.1652,SAN DIEGO
92112,32.7155,-117.1565,SAN DIEGO
92113,32.6957,-117.1211,SAN DIEGO
92114,32.7096,-117.0517,SAN DIEGO
92115,32.7567,-117.0708,SAN DIEGO
92116,32.7649,-117.1219,SAN DIEGO
92117,32.8189,-117.1978,SAN DIEGO
92118,32.6943,-117.1829,CORONADO
92119,32.8062,-117.0326,SAN DIEGO
92120,32.7949,-117.0755,SAN DIEGO
92121,32.9003,-117.2067,SAN DIEGO
92122,32.8567,-117.2072,SAN DIEGO
92123,32.8087,-117.1376,SAN DIEGO
92124,32.8200,-117.0918,SAN DIEGO
92126,32.9110,-117.1448,SAN DIEGO
92127,33.0232,-117.1242,SAN DIEGO
92128,32.9942,-117.0753,SAN DIEGO
92129,32.9658,-117.1262,SAN DIEGO
92130,32.9470,-117.2022,SAN DIEGO
92131,32.9154,-117.0836,SAN DIEGO
92132,32.7156,-117.1739,SAN DIEGO
92134,32.7276,-117.1470,SAN DIEGO
92135,32.6988,-117.2076,SAN DIEGO
92136,32.6754,-117.1214,SAN DIEGO
92137,32.7154,-117.1565,SAN DIEGO
92138,32.7154,-117.1565,SAN DIEGO
92139,32.6799,-117.0471,SAN DIEGO
92140,32.7405,-117.1971,SAN DIEGO
92142,32.7154,-117.1565,SAN DIEGO
92143,32.7154,-117.1565,SAN YSIDRO
92145,32.8694,-117.1213,SAN DIEGO
92147,32.7236,-117.2197,SAN DIEGO
92149,32.7154,-117.1565,SAN DIEGO
92150,32.7154,-117.1565,SAN DIEGO
92152,32.7011,-117.2455,SAN DIEGO
92153,32.5758,-117.0834,SAN DIEGO
92154,32.5678,-116.9903,SAN DIEGO
92155,32.6753,-117.1618,SAN DIEGO
92158,32.5981,-116.9113,SAN DIEGO
92159,32.7154,-117.1565,SAN DIEGO
92160,32.7154,-117.1565,SAN DIEGO
92161,32.8747,-117.2312,SAN DIEGO
92163,32.7154,-117.1565,SAN DIEGO
92165,32.7154,-117.1565,SAN DIEGO
92166,32.7154,-117.1565,SAN DIEGO
92167,32.7154,-117.1565,SAN DIEGO
92168,32.7154,-117.1565,SAN DIEGO
92169,32.7990,-117.2524,SAN DIEGO
92170,32.7154,-117.1565,SAN DIEGO
92171,32.7154,-117.1565,SAN DIEGO
92172,32.7154,-117.1565,SAN DIEGO
92173,32.5547,-117.0513,SAN YSIDRO
92174,32.7154,-117.1565,SAN DIEGO
92175,32.7154,-117.1565,SAN DIEGO
92176,32.7154,-117.1565,SAN DIEGO
92177,32.7154,-117.1565,SAN DIEGO
92178,32.6856,-117.1825,CORONADO
92179,32.7154,-117.1565,SAN DIEGO
92182,32.7752,-117.0737,SAN DIEGO
92186,32.7154,-117.1565,SAN DIEGO
92187,32.7154,-117.1565,SAN DIEGO
92191,32.7154,-117.1565,SAN DIEGO
92192,32.7154,-117.1565,SAN DIEGO
92193,32.7154,-117.1565,SAN DIEGO
92195,32.7154,-117.1565,SAN DIEGO
92196,32.7154,-117.1565,SAN DIEGO
92197,32.7154,-117.1565,SAN DIEGO
92198,33.0221,-117.0745,SAN DIEGO
92199,32.9816,-117.0830,SAN DIEGO
92201,33.7034,-116.2292,INDIO
92202,33.7206,-116.2144,INDIO
92203,33.7482,-116.2341,INDIO
92210,33.7002,-116.3367,INDIAN WELLS
92211,33.7664,-116.3279,PALM DESERT
92220,33.9178,-116.8371,BANNING
92222,32.7886,-114.5554,BARD
92223,33.9171,-117.0001,BEAUMONT
92225,33.5843,-114.6263,BLYTHE
92226,33.6106,-114.5959,BLYTHE
92227,33.0231,-115.4624,BRAWLEY
92230,33.9071,-116.7814,CABAZON
92231,32.6879,-115.5123,CALEXICO
92232,32.6786,-115.4981,CALEXICO
92233,33.2049,-115.5545,CALIPATRIA
92234,33.8142,-116.4630,CATHEDRAL CITY
92235,33.7798,-116.4645,CATHEDRAL CITY
92236,33.6950,-116.1625,COACHELLA
92239,33.7534,-115.4468,DESERT CENTER
92240,33.9539,-116.5385,DESERT HOT SPRINGS
92241,33.8572,-116.3349,DESERT HOT SPRINGS
92242,34.1807,-114.3527,EARP
92243,32.7709,-115.6023,EL CENTRO
92244,32.7919,-115.5622,EL CENTRO
92247,33.6757,-116.3040,LA QUINTA
92248,33.6757,-116.3040,LA QUINTA
92249,32.7129,-115.4577,HEBER
92250,32.7894,-115.3502,HOLTVILLE
92251,32.8851,-115.6305,IMPERIAL
92252,34.1493,-116.2821,JOSHUA TREE
92253,33.6663,-116.2787,LA QUINTA
92254,33.5200,-115.8865,MECCA
92255,33.7216,-116.3875,PALM DESERT
92256,34.1049,-116.5872,MORONGO VALLEY
92257,33.2963,-115.3599,NILAND
92258,33.9074,-116.5654,NORTH PALM SPRINGS
92259,32.7434,-115.9786,OCOTILLO
92260,33.6998,-116.3918,PALM DESERT
92261,33.7216,-116.3875,PALM DESERT
92262,33.8668,-116.5833,PALM SPRINGS
92263,33.8306,-116.5447,PALM SPRINGS
92264,33.7289,-116.5295,PALM SPRINGS
92266,33.3580,-114.7108,PALO VERDE
92267,34.2886,-114.2088,PARKER DAM
92268,34.2129,-116.5789,PIONEERTOWN
92270,33.7755,-116.4156,RANCHO MIRAGE
92273,32.7902,-115.6889,SEELEY
92274,33.4039,-116.0129,THERMAL
92275,33.2868,-115.9516,SALTON CITY
92276,33.8269,-116.3821,THOUSAND PALMS
92277,34.2930,-115.7962,TWENTYNINE PALMS
92278,34.4769,-116.1123,TWENTYNINE PALMS
92280,33.7819,-114.5881,VIDAL
92281,33.0787,-115.6583,WESTMORLAND
92282,33.9424,-116.6577,WHITEWATER
92283,32.9443,-114.7600,WINTERHAVEN
92284,34.1121,-116.4157,YUCCA VALLEY
92285,34.4589,-116.5293,LANDERS
92286,34.1195,-116.4452,YUCCA VALLEY
92301,34.6657,-117.5013,ADELANTO
92304,34.6867,-115.8741,AMBOY
92305,34.1599,-116.8809,ANGELUS OAKS
92307,34.6026,-117.1198,APPLE VALLEY
92308,34.4236,-117.1455,APPLE VALLEY
92309,35.2812,-116.1803,BAKER
92310,35.3321,-116.6623,FORT IRWIN
92311,34.8857,-117.0712,BARSTOW
92312,34.8989,-117.0218,BARSTOW
92313,34.0324,-117.3137,GRAND TERRACE
92314,34.2654,-116.8013,BIG BEAR CITY
92315,34.2480,-116.9211,BIG BEAR LAKE
92316,34.0630,-117.3939,BLOOMINGTON
92317,34.2492,-117.2102,BLUE JAY
92318,34.0470,-117.2296,BRYN MAWR
92320,33.9818,-117.0506,CALIMESA
92321,34.2446,-117.1628,CEDAR GLEN
92322,34.2349,-117.3238,CEDARPINES PARK
92323,35.2800,-116.0556,CIMA
92324,34.0266,-117.2653,COLTON
92325,34.2446,-117.2911,CRESTLINE
92327,34.8550,-116.8565,DAGGETT
92328,36.4998,-116.8464,DEATH VALLEY
92329,34.4262,-117.5716,PHELAN
92331,34.0600,-117.4400,FONTANA
92332,34.9175,-115.3086,ESSEX
92333,34.2750,-116.9381,FAWNSKIN
92334,34.0924,-117.4344,FONTANA
92335,34.0857,-117.4625,FONTANA
92336,34.1461,-117.4599,FONTANA
92337,34.0519,-117.4669,FONTANA
92338,34.7828,-116.1904,LUDLOW
92339,34.0968,-116.8422,FOREST FALLS
92340,34.4264,-117.3001,HESPERIA
92341,34.2434,-117.0747,GREEN VALLEY LAKE
92342,34.7745,-117.3304,HELENDALE
92344,34.3872,-117.4031,HESPERIA
92345,34.3918,-117.3256,HESPERIA
92346,34.1198,-117.1689,HIGHLAND
92347,35.0841,-117.3079,HINKLEY
92350,34.0523,-117.2616,LOMA LINDA
92352,34.2681,-117.1899,LAKE ARROWHEAD
92354,34.0531,-117.2515,LOMA LINDA
92356,34.5246,-116.8882,LUCERNE VALLEY
92357,34.0484,-117.2603,LOMA LINDA
92358,34.2683,-117.5407,LYTLE CREEK
92359,34.1132,-117.0727,MENTONE
92363,34.6860,-114.5880,NEEDLES
92364,35.3403,-115.4375,NIPTON
92365,34.8800,-116.6763,NEWBERRY SPRINGS
92366,35.2800,-116.0556,MOUNTAIN PASS
92368,34.6607,-117.2870,ORO GRANDE
92369,34.1355,-117.2234,PATTON
92371,34.4349,-117.5494,PHELAN
92372,34.4463,-117.6199,PINON HILLS
92373,33.9991,-117.1490,REDLANDS
92374,34.0683,-117.1725,REDLANDS
92375,34.0618,-117.1819,REDLANDS
92376,34.1031,-117.3874,RIALTO
92377,34.1608,-117.3927,RIALTO
92378,34.2338,-117.2323,RIMFOREST
92382,34.1987,-117.1326,RUNNING SPRINGS
92384,36.1918,-116.4149,SHOSHONE
92385,34.2112,-117.1242,SKYFOREST
92386,34.2430,-116.8313,SUGARLOAF
92389,35.9237,-115.8702,TECOPA
92391,34.2422,-117.2312,TWIN PEAKS
92392,34.4779,-117.4036,VICTORVILLE
92393,34.5362,-117.2905,VICTORVILLE
92394,34.5664,-117.3462,VICTORVILLE
92395,34.5178,-117.2990,VICTORVILLE
92397,34.3498,-117.6388,WRIGHTWOOD
92398,34.8883,-117.0568,YERMO
92399,34.0449,-117.0137,YUCAIPA
92401,34.1040,-117.2925,SAN BERNARDINO
92402,34.1216,-117.3022,SAN BERNARDINO
92403,34.1104,-117.3118,SAN BERNARDINO
92404,34.1770,-117.2791,SAN BERNARDINO
92405,34.1443,-117.3096,SAN BERNARDINO
92406,34.1216,-117.3022,SAN BERNARDINO
92407,34.2248,-117.3935,SAN BERNARDINO
92408,34.0786,-117.2579,SAN BERNARDINO
92410,34.1078,-117.2997,SAN BERNARDINO
92411,34.1229,-117.3280,SAN BERNARDINO
92413,34.1216,-117.3022,SAN BERNARDINO
92415,34.1060,-117.2874,SAN BERNARDINO
92418,34.1074,-117.2924,SAN BERNARDINO
92423,34.1216,-117.3022,SAN BERNARDINO
92427,34.1216,-117.3022,SAN BERNARDINO
92501,33.9943,-117.3778,RIVERSIDE
92502,33.9533,-117.3955,RIVERSIDE
92503,33.8991,-117.4400,RIVERSIDE
92504,33.9039,-117.4054,RIVERSIDE
92505,33.9355,-117.4923,RIVERSIDE
92506,33.9327,-117.3498,RIVERSIDE
92507,33.9700,-117.3230,RIVERSIDE
92508,33.8888,-117.3214,RIVERSIDE
92509,33.9986,-117.4474,JURUPA VALLEY
92513,33.9533,-117.3955,RIVERSIDE
92514,33.9533,-117.3955,RIVERSIDE
92516,33.9533,-117.3955,RIVERSIDE
92517,33.9533,-117.3955,RIVERSIDE
92518,33.8844,-117.2787,MARCH AIR RESERVE BASE
92519,33.9533,-117.3955,RIVERSIDE
92521,33.9750,-117.3316,RIVERSIDE
92522,33.9533,-117.3955,RIVERSIDE
92530,33.6233,-117.3968,LAKE ELSINORE
92531,33.6724,-117.3294,LAKE ELSINORE
92532,33.7015,-117.3117,LAKE ELSINORE
92536,33.5088,-116.8143,AGUANGA
92539,33.5574,-116.6959,ANZA
92543,33.7085,-116.9812,HEMET
92544,33.6400,-116.8922,HEMET
92545,33.7276,-117.0619,HEMET
92546,33.7476,-116.9713,HEMET
92548,33.7602,-117.1037,HOMELAND
92549,33.7866,-116.7727,IDYLLWILD
92551,33.8809,-117.2247,MORENO VALLEY
92552,33.8081,-117.1010,MORENO VALLEY
92553,33.9220,-117.2494,MORENO VALLEY
92554,33.9172,-117.1570,MORENO VALLEY
92555,33.9071,-117.1142,MORENO VALLEY
92556,33.9701,-117.1101,MORENO VALLEY
92557,33.9739,-117.2588,MORENO VALLEY
92561,33.6346,-116.5780,MOUNTAIN CENTER
92562,33.5428,-117.2690,MURRIETA
92563,33.5860,-117.1410,MURRIETA
92564,33.5539,-117.2132,MURRIETA
92567,33.8092,-117.1037,NUEVO
92570,33.7788,-117.3266,PERRIS
92571,33.8307,-117.1955,PERRIS
92572,33.7825,-117.2275,PERRIS
92581,33.7837,-116.9578,SAN JACINTO
92582,33.8112,-117.0201,SAN JACINTO
92583,33.8040,-116.9247,SAN JACINTO
92584,33.6575,-117.1891,MENIFEE
92585,33.7389,-117.1821,MENIFEE
92586,33.7073,-117.1994,MENIFEE
92587,33.6995,-117.2536,MENIFEE
92589,33.4939,-117.1475,TEMECULA
92590,33.4844,-117.2338,TEMECULA
92591,33.5279,-117.1019,TEMECULA
92592,33.5410,-117.0083,TEMECULA
92593,33.4939,-117.1475,TEMECULA
92595,33.6217,-117.2598,WILDOMAR
92596,33.6344,-117.0706,WINCHESTER
92599,33.7825,-117.2275,PERRIS
92602,33.7484,-117.7455,IRVINE
92603,33.6245,-117.7952,IRVINE
92604,33.6903,-117.7899,IRVINE
92605,33.7036,-117.9942,HUNTINGTON BEACH
92606,33.7013,-117.7966,IRVINE
92607,33.5425,-117.7825,LAGUNA NIGUEL
92609,33.5955,-117.7077,EL TORO
92610,33.6872,-117.6547,FOOTHILL RANCH
92612,33.6615,-117.8217,IRVINE
92614,33.6841,-117.8275,IRVINE
92615,33.6606,-117.9983,HUNTINGTON BEACH
92616,33.6695,-117.8222,IRVINE
92617,33.6430,-117.8419,IRVINE
92618,33.6852,-117.7346,IRVINE
92619,33.6695,-117.8222,IRVINE
92620,33.7090,-117.7590,IRVINE
92623,33.6695,-117.8222,IRVINE
92624,33.4557,-117.6647,CAPISTRANO BEACH
92625,33.5994,-117.8659,CORONA DEL MAR
92626,33.6791,-117.9055,COSTA MESA
92627,33.6490,-117.9178,COSTA MESA
92628,33.6414,-117.9178,COSTA MESA
92629,33.4780,-117.7059,DANA POINT
92630,33.6443,-117.6789,LAKE FOREST
92637,33.6071,-117.7311,LAGUNA WOODS
92646,33.6649,-117.9642,HUNTINGTON BEACH
92647,33.7268,-118.0069,HUNTINGTON BEACH
92648,33.6767,-118.0212,HUNTINGTON BEACH
92649,33.7223,-118.0543,HUNTINGTON BEACH
92650,33.6758,-117.7587,EAST IRVINE
92651,33.5451,-117.7761,LAGUNA BEACH
92652,33.5425,-117.7825,LAGUNA BEACH
92653,33.5940,-117.7099,LAGUNA HILLS
92654,33.5425,-117.7825,LAGUNA HILLS
92655,33.7432,-117.9853,MIDWAY CITY
92656,33.5736,-117.7296,ALISO VIEJO
92657,33.5932,-117.8312,NEWPORT COAST
92658,33.6187,-117.9283,NEWPORT BEACH
92659,33.6187,-117.9283,NEWPORT BEACH
92660,33.6380,-117.8732,NEWPORT BEACH
92661,33.6023,-117.9019,NEWPORT BEACH
92662,33.6065,-117.8930,NEWPORT BEACH
92663,33.6266,-117.9305,NEWPORT BEACH
92672,33.3929,-117.5296,SAN CLEMENTE
92673,33.4658,-117.6187,SAN CLEMENTE
92674,33.4266,-117.6112,SAN CLEMENTE
92675,33.5009,-117.6533,SAN JUAN CAPISTRANO
92676,33.7511,-117.6078,SILVERADO
92677,33.5337,-117.7074,LAGUNA NIGUEL
92678,33.6636,-117.5894,TRABUCO CANYON
92679,33.6312,-117.5516,TRABUCO CANYON
92683,33.7491,-117.9937,WESTMINSTER
92684,33.7595,-118.0059,WESTMINSTER
92685,33.7497,-117.9890,WESTMINSTER
92688,33.6229,-117.6083,RANCHO SANTA MARGARITA
92690,33.6002,-117.6711,MISSION VIEJO
92691,33.6042,-117.6677,MISSION VIEJO
92692,33.6041,-117.6467,MISSION VIEJO
92693,33.5017,-117.6618,SAN JUAN CAPISTRANO
92694,33.5555,-117.6441,LADERA RANCH
92697,33.6473,-117.8409,IRVINE
92698,33.6695,-117.8223,ALISO VIEJO
92701,33.7468,-117.8554,SANTA ANA
92702,33.7457,-117.8669,SANTA ANA
92703,33.7488,-117.9094,SANTA ANA
92704,33.7198,-117.9141,SANTA ANA
92705,33.7635,-117.7966,SANTA ANA
92706,33.7676,-117.8817,SANTA ANA
92707,33.6966,-117.8710,SANTA ANA
92708,33.7101,-117.9477,FOUNTAIN VALLEY
92711,33.7457,-117.8669,SANTA ANA
92728,33.7094,-117.9526,FOUNTAIN VALLEY
92735,33.7529,-117.8554,SANTA ANA
92780,33.7376,-117.8212,TUSTIN
92781,33.7392,-117.8162,TUSTIN
92782,33.7361,-117.8008,TUSTIN
92799,33.6957,-117.9105,SANTA ANA
92801,33.8478,-117.9573,ANAHEIM
92802,33.8107,-117.9168,ANAHEIM
92803,33.8355,-117.9136,ANAHEIM
92804,33.8104,-117.9794,ANAHEIM
92805,33.8263,-117.9105,ANAHEIM
92806,33.8310,-117.8668,ANAHEIM
92807,33.8512,-117.7884,ANAHEIM
92808,33.8477,-117.7380,ANAHEIM
92809,33.8444,-117.9519,ANAHEIM
92811,33.8657,-117.8301,ATWOOD
92812,33.8355,-117.9136,ANAHEIM
92814,33.8355,-117.9136,ANAHEIM
92815,33.8355,-117.9136,ANAHEIM
92816,33.8355,-117.9136,ANAHEIM
92817,33.8355,-117.9136,ANAHEIM
92821,33.9270,-117.8854,BREA
92822,33.9235,-117.8904,BREA
92823,33.9262,-117.8023,BREA
92831,33.8768,-117.8931,FULLERTON
92832,33.8703,-117.9256,FULLERTON
92833,33.8809,-117.9630,FULLERTON
92834,33.8796,-117.8978,FULLERTON
92835,33.9029,-117.9059,FULLERTON
92836,33.8796,-117.8978,FULLERTON
92837,33.8796,-117.8978,FULLERTON
92838,33.8796,-117.8978,FULLERTON
92840,33.7886,-117.9277,GARDEN GROVE
92841,33.7866,-117.9828,GARDEN GROVE
92842,33.7875,-117.9332,GARDEN GROVE
92843,33.7643,-117.9318,GARDEN GROVE
92844,33.7595,-117.9739,GARDEN GROVE
92845,33.7830,-118.0269,GARDEN GROVE
92846,33.7875,-117.9332,GARDEN GROVE
92856,33.7878,-117.8523,ORANGE
92857,33.7878,-117.8523,ORANGE
92859,33.7878,-117.8523,ORANGE
92860,33.9264,-117.5628,NORCO
92861,33.8165,-117.8103,VILLA PARK
92862,33.8112,-117.6991,ORANGE
92863,33.7878,-117.8523,ORANGE
92864,33.7878,-117.8523,ORANGE
92865,33.8298,-117.8505,ORANGE
92866,33.7842,-117.8428,ORANGE
92867,33.8134,-117.8538,ORANGE
92868,33.7882,-117.8817,ORANGE
92869,33.8010,-117.7854,ORANGE
92870,33.8820,-117.8506,PLACENTIA
92871,33.8848,-117.8578,PLACENTIA
92877,33.8754,-117.5659,CORONA
92878,33.8775,-117.6651,CORONA
92879,33.8767,-117.5359,CORONA
92880,33.9230,-117.6126,EASTVALE
92881,33.8369,-117.4720,CORONA
92882,33.8310,-117.6139,CORONA
92883,33.7611,-117.4922,CORONA
92885,33.8876,-117.8023,YORBA LINDA
92886,33.8925,-117.7878,YORBA LINDA
92887,33.8871,-117.7292,YORBA LINDA
92899,33.8354,-117.9148,ANAHEIM
93001,34.0184,-119.7751,VENTURA
93002,34.2785,-119.2925,VENTURA
93003,34.2875,-119.2202,VENTURA
93004,34.2793,-119.1630,VENTURA
93005,34.2785,-119.2925,VENTURA
93006,34.2785,-119.2925,VENTURA
93007,34.2785,-119.2925,VENTURA
93009,34.2685,-119.2099,VENTURA
93010,34.2322,-119.0764,CAMARILLO
93011,34.2167,-119.0368,CAMARILLO
93012,34.1986,-118.9783,CAMARILLO
93013,34.4132,-119.5167,CARPINTERIA
93014,34.3986,-119.5177,CARPINTERIA
93015,34.4173,-118.8397,FILLMORE
93016,34.3994,-118.9175,FILLMORE
93020,34.2858,-118.8813,MOORPARK
93021,34.3045,-118.8599,MOORPARK
93022,34.4025,-119.2955,OAK VIEW
93023,34.5210,-119.2477,OJAI
93024,34.4484,-119.2417,OJAI
93030,34.2091,-119.1831,OXNARD
93031,34.1975,-119.1763,OXNARD
93032,34.1975,-119.1763,OXNARD
93033,34.1450,-119.1160,OXNARD
93034,34.1975,-119.1763,OXNARD
93035,34.1762,-119.2246,OXNARD
93036,34.2480,-119.1845,OXNARD
93040,34.4454,-118.7506,PIRU
93041,34.1776,-119.2082,PORT HUENEME
93042,33.2497,-119.5096,POINT MUGU NAWC
93043,34.1699,-119.2070,PORT HUENEME CBC BASE
93044,34.1475,-119.1945,PORT HUENEME
93060,34.3815,-119.1060,SANTA PAULA
93061,34.3543,-119.0583,SANTA PAULA
93062,34.2707,-118.7905,SIMI VALLEY
93063,34.2931,-118.6873,SIMI VALLEY
93064,34.2316,-118.7194,BRANDEIS
93065,34.2927,-118.7772,SIMI VALLEY
93066,34.2993,-119.0411,SOMIS
93067,34.4187,-119.5943,SUMMERLAND
93094,34.2706,-118.7544,SIMI VALLEY
93099,34.2804,-118.7349,SIMI VALLEY
93101,34.4191,-119.7034,SANTA BARBARA
93102,34.4233,-119.7035,SANTA BARBARA
93103,34.4363,-119.6847,SANTA BARBARA
93105,34.5280,-119.8674,SANTA BARBARA
93106,34.4144,-119.8475,SANTA BARBARA
93107,34.4564,-119.8674,SANTA BARBARA
93108,34.4479,-119.6186,SANTA BARBARA
93109,34.4090,-119.7250,SANTA BARBARA
93110,34.4379,-119.7699,SANTA BARBARA
93111,34.4545,-119.8009,SANTA BARBARA
93116,34.4356,-119.8269,GOLETA
93117,34.5117,-120.0625,GOLETA
93118,34.4356,-119.8269,GOLETA
93120,34.4233,-119.7035,SANTA BARBARA
93121,34.4233,-119.7035,SANTA BARBARA
93130,34.4233,-119.7035,SANTA BARBARA
93140,34.4233,-119.7035,SANTA BARBARA
93150,34.4233,-119.7035,SANTA BARBARA
93160,34.4233,-119.7035,SANTA BARBARA
93190,34.4233,-119.7035,SANTA BARBARA
93199,34.4356,-119.8269,GOLETA
93201,35.8694,-119.4982,ALPAUGH
93202,36.3096,-119.7085,ARMONA
93203,35.1145,-118.8183,ARVIN
93204,35.9317,-120.0921,AVENAL
93205,35.5750,-118.5010,BODFISH
93206,35.4033,-119.4854,BUTTONWILLOW
93207,35.8877,-118.6142,CALIFORNIA HOT SPRINGS
93208,36.0629,-118.5838,CAMP NELSON
93210,36.1750,-120.4237,COALINGA
93212,36.0435,-119.5459,CORCORAN
93215,35.7226,-119.1521,DELANO
93216,35.7719,-119.2699,DELANO
93218,35.8629,-118.9938,DUCOR
93219,35.8698,-119.3138,EARLIMART
93220,35.3452,-118.8700,EDISON
93221,36.2932,-119.0584,EXETER
93222,34.8817,-119.2135,PINE MOUNTAIN CLUB
93223,36.3045,-119.2049,FARMERSVILLE
93224,35.2179,-119.5979,FELLOWS
93225,34.9248,-119.1426,FRAZIER PARK
93226,35.7287,-118.6796,GLENNVILLE
93227,36.3469,-119.4219,GOSHEN
93230,36.3061,-119.6321,HANFORD
93232,36.3275,-119.6447,HANFORD
93234,36.3206,-120.0855,HURON
93235,36.3849,-119.2234,IVANHOE
93237,36.4699,-118.8927,KAWEAH
93238,35.7285,-118.3724,KERNVILLE
93239,35.9780,-119.8172,KETTLEMAN CITY
93240,35.6198,-118.4205,LAKE ISABELLA
93241,35.2552,-118.9141,LAMONT
93242,36.4375,-119.6993,LATON
93243,34.8262,-118.8407,LEBEC
93244,36.3917,-118.9852,LEMON COVE
93245,36.2904,-119.8372,LEMOORE
93246,36.2628,-119.9091,LEMOORE
93247,36.2195,-119.0825,LINDSAY
93249,35.6148,-119.7976,LOST HILLS
93250,35.6601,-119.1330,MC FARLAND
93251,35.3661,-119.6196,MC KITTRICK
93252,34.9936,-119.3497,MARICOPA
93254,34.9674,-119.8675,NEW CUYAMA
93255,35.6424,-118.1162,ONYX
93256,35.9860,-119.3172,PIXLEY
93257,35.9944,-118.8775,PORTERVILLE
93258,36.0653,-119.0158,PORTERVILLE
93260,35.8268,-118.7021,POSEY
93261,35.8123,-119.1328,RICHGROVE
93262,36.6085,-118.7228,SEQUOIA NATIONAL PARK
93263,35.5000,-119.3038,SHAFTER
93265,36.1690,-118.6700,SPRINGVILLE
93266,36.1307,-119.8114,STRATFORD
93267,36.1424,-119.0815,STRATHMORE
93268,35.1737,-119.4285,TAFT
93270,35.9570,-119.0580,TERRA BELLA
93271,36.4360,-118.7427,THREE RIVERS
93272,36.0389,-119.3207,TIPTON
93274,36.1728,-119.3630,TULARE
93275,36.2076,-119.3465,TULARE
93276,35.2389,-119.2968,TUPMAN
93277,36.2947,-119.3813,VISALIA
93278,36.3303,-119.2911,VISALIA
93279,36.3303,-119.2911,VISALIA
93280,35.6308,-119.4215,WASCO
93282,36.1179,-119.5185,WAUKENA
93283,35.5157,-118.1888,WELDON
93285,35.7182,-118.5383,WOFFORD HEIGHTS
93286,36.5378,-119.0342,WOODLAKE
93287,35.7282,-118.8544,WOODY
93290,36.3279,-119.3003,VISALIA
93291,36.4066,-119.3810,VISALIA
93292,36.3607,-119.2114,VISALIA
93301,35.3879,-119.0236,BAKERSFIELD
93302,35.3736,-119.0176,BAKERSFIELD
93303,35.3736,-119.0176,BAKERSFIELD
93304,35.3323,-119.0225,BAKERSFIELD
93305,35.3907,-118.9879,BAKERSFIELD
93306,35.4255,-118.8656,BAKERSFIELD
93307,35.3424,-118.8182,BAKERSFIELD
93308,35.5421,-118.9396,BAKERSFIELD
93309,35.3484,-119.0643,BAKERSFIELD
93311,35.2109,-119.2030,BAKERSFIELD
93312,35.3895,-119.1198,BAKERSFIELD
93313,35.1564,-119.0467,BAKERSFIELD
93314,35.4043,-119.2371,BAKERSFIELD
93380,35.3736,-119.0176,BAKERSFIELD
93383,35.3736,-119.0176,BAKERSFIELD
93384,35.3736,-119.0176,BAKERSFIELD
93385,35.3736,-119.0176,BAKERSFIELD
93386,35.3736,-119.0176,BAKERSFIELD
93387,35.3736,-119.0176,BAKERSFIELD
93388,35.3736,-119.0176,BAKERSFIELD
93389,35.3736,-119.0176,BAKERSFIELD
93390,35.3813,-119.0123,BAKERSFIELD
93401,35.2542,-120.6207,SAN LUIS OBISPO
93402,35.3026,-120.8089,LOS OSOS
93403,35.2828,-120.6587,SAN LUIS OBISPO
93405,35.2692,-120.7601,SAN LUIS OBISPO
93406,35.2828,-120.6587,SAN LUIS OBISPO
93407,35.3017,-120.6601,SAN LUIS OBISPO
93408,35.2828,-120.6605,SAN LUIS OBISPO
93409,35.2839,-120.6701,SAN LUIS OBISPO
93410,35.1192,-120.6315,SAN LUIS OBISPO
93412,35.3112,-120.8314,LOS OSOS
93420,35.1560,-120.3652,ARROYO GRANDE
93421,35.1188,-120.5899,ARROYO GRANDE
93422,35.4576,-120.6803,ATASCADERO
93423,35.4896,-120.6698,ATASCADERO
93424,35.1884,-120.7292,AVILA BEACH
93426,35.9164,-121.0136,BRADLEY
93427,34.6510,-120.2228,BUELLTON
93428,35.5847,-120.9943,CAMBRIA
93429,34.8320,-120.5403,CASMALIA
93430,35.4827,-120.9147,CAYUCOS
93432,35.4809,-120.5017,CRESTON
93433,35.1209,-120.6224,GROVER BEACH
93434,34.9344,-120.6149,GUADALUPE
93435,35.4971,-121.0269,HARMONY
93436,34.6073,-120.3729,LOMPOC
93437,34.7554,-120.5574,LOMPOC
93438,34.6394,-120.4567,LOMPOC
93440,34.7623,-120.2683,LOS ALAMOS
93441,34.7236,-120.0775,LOS OLIVOS
93442,35.3992,-120.7848,MORRO BAY
93443,35.3655,-120.8487,MORRO BAY
93444,35.0396,-120.5047,NIPOMO
93445,35.1017,-120.6138,OCEANO
93446,35.6506,-120.7444,PASO ROBLES
93447,35.6664,-120.6451,PASO ROBLES
93448,35.1426,-120.6403,PISMO BEACH
93449,35.1564,-120.6599,PISMO BEACH
93450,36.0843,-120.8299,SAN ARDO
93451,35.8810,-120.4727,SAN MIGUEL
93452,35.6953,-121.1584,SAN SIMEON
93453,35.2302,-120.1062,SANTA MARGARITA
93454,34.9287,-120.2276,SANTA MARIA
93455,34.8069,-120.3914,SANTA MARIA
93456,34.9532,-120.4348,SANTA MARIA
93457,34.8654,-120.4351,SANTA MARIA
93458,34.9556,-120.4994,SANTA MARIA
93460,34.7025,-119.9825,SANTA YNEZ
93461,35.6242,-120.2904,SHANDON
93463,34.6034,-120.1230,SOLVANG
93464,34.5959,-120.1364,SOLVANG
93465,35.5300,-120.7181,TEMPLETON
93475,35.1000,-120.6100,OCEANO
93483,35.1218,-120.6204,GROVER BEACH
93501,35.0830,-118.1706,MOJAVE
93502,35.0528,-118.1731,MOJAVE
93504,35.1256,-117.9853,CALIFORNIA CITY
93505,35.1682,-117.9851,CALIFORNIA CITY
93510,34.4679,-118.1824,ACTON
93512,37.8903,-118.5632,BENTON
93513,37.2702,-117.9451,BIG PINE
93514,37.5061,-118.3774,BISHOP
93515,37.3637,-118.3944,BISHOP
93516,35.0188,-117.6679,BORON
93517,38.2892,-119.0701,BRIDGEPORT
93518,35.3809,-118.4275,CALIENTE
93519,35.3875,-117.8618,CANTIL
93522,36.3007,-117.5967,DARWIN
93523,35.0838,-117.8586,EDWARDS
93524,34.8935,-117.8399,EDWARDS
93526,36.8281,-118.2533,INDEPENDENCE
93527,35.7214,-117.9473,INYOKERN
93528,35.3597,-117.6765,JOHANNESBURG
93529,37.8076,-118.9790,JUNE LAKE
93530,36.5440,-117.9471,KEELER
93531,35.2465,-118.6007,KEENE
93532,34.6932,-118.5322,LAKE HUGHES
93534,34.7333,-118.1492,LANCASTER
93535,34.7199,-117.9036,LANCASTER
93536,34.7255,-118.4848,LANCASTER
93539,34.6982,-118.1359,LANCASTER
93541,38.0249,-118.9388,LEE VINING
93542,35.6467,-117.8134,LITTLE LAKE
93543,34.4978,-117.9324,LITTLEROCK
93544,34.4730,-117.7591,LLANO
93545,36.5458,-118.0958,LONE PINE
93546,37.6513,-118.8889,MAMMOTH LAKES
93549,36.3125,-117.8657,OLANCHA
93550,34.4161,-118.0914,PALMDALE
93551,34.5798,-118.2435,PALMDALE
93552,34.5617,-118.0212,PALMDALE
93553,34.4567,-117.8876,PEARBLOSSOM
93554,35.4091,-117.7240,RANDSBURG
93555,35.5739,-117.6785,RIDGECREST
93556,35.6513,-117.6626,RIDGECREST
93558,35.6038,-117.6353,RED MOUNTAIN
93560,34.9443,-118.4952,ROSAMOND
93561,35.1483,-118.4792,TEHACHAPI
93562,35.6650,-117.3794,TRONA
93563,34.4102,-117.7744,VALYERMO
93581,35.1322,-118.4484,TEHACHAPI
93584,34.6981,-118.1355,LANCASTER
93586,34.6981,-118.1355,LANCASTER
93590,34.5797,-118.1159,PALMDALE
93591,34.6091,-117.8184,PALMDALE
93592,35.7629,-117.3718,TRONA
93596,34.9994,-117.6489,BORON
93599,34.6129,-118.1184,PALMDALE
93601,37.3723,-119.7360,AHWAHNEE
93602,37.0796,-119.4177,AUBERRY
93603,36.6322,-118.9602,BADGER
93604,37.3215,-119.5518,BASS LAKE
93605,37.1796,-119.2887,BIG CREEK
93606,36.7996,-120.0195,BIOLA
93607,36.4884,-119.9843,BURREL
93608,36.5286,-120.3229,CANTUA CREEK
93609,36.5286,-119.8634,CARUTHERS
93610,37.0876,-120.2667,CHOWCHILLA
93611,36.8261,-119.6789,CLOVIS
93612,36.8104,-119.7133,CLOVIS
93613,36.8253,-119.7019,CLOVIS
93614,37.1946,-119.7264,COARSEGOLD
93615,36.4954,-119.2833,CUTLER
93616,36.6524,-119.5886,DEL REY
93618,36.5238,-119.3949,DINUBA
93619,36.9288,-119.5776,CLOVIS
93620,37.0576,-120.6235,DOS PALOS
93621,36.7392,-119.0509,DUNLAP
93622,36.8475,-120.5580,FIREBAUGH
93623,37.4900,-119.6497,FISH CAMP
93624,36.3896,-120.1299,FIVE POINTS
93625,36.6210,-119.6555,FOWLER
93626,37.0618,-119.6488,FRIANT
93627,36.4803,-120.1667,HELM
93628,36.8151,-118.8983,HUME
93630,36.6944,-120.1794,KERMAN
93631,36.4877,-119.5030,KINGSBURG
93633,36.8785,-118.8488,KINGS CANYON NATIONAL PK
93634,37.2805,-119.2302,LAKESHORE
93635,36.9859,-120.9759,LOS BANOS
93636,36.9768,-119.8701,MADERA
93637,36.9120,-120.1576,MADERA
93638,37.0227,-120.0431,MADERA
93639,37.1512,-119.9691,MADERA
93640,36.6604,-120.4418,MENDOTA
93641,36.6991,-119.0481,MIRAMONTE
93642,37.3269,-119.0169,MONO HOT SPRINGS
93643,37.2788,-119.4738,NORTH FORK
93644,37.3803,-119.6236,OAKHURST
93645,37.1379,-119.6720,O NEALS
93646,36.6355,-119.2658,ORANGE COVE
93647,36.5797,-119.2102,OROSI
93648,36.6183,-119.5213,PARLIER
93649,36.8105,-119.3813,PIEDRA
93650,36.8424,-119.8031,FRESNO
93651,37.0046,-119.5293,PRATHER
93652,36.5937,-119.9034,RAISIN CITY
93653,37.2559,-119.9740,RAYMOND
93654,36.6619,-119.3805,REEDLEY
93656,36.4654,-119.9218,RIVERDALE
93657,36.8222,-119.4035,SANGER
93660,36.6071,-120.1774,SAN JOAQUIN
93661,37.0523,-120.5971,SANTA RITA PARK
93662,36.5543,-119.6426,SELMA
93664,37.1485,-119.0582,SHAVER LAKE
93665,36.9571,-120.6506,SOUTH DOS PALOS
93666,36.5453,-119.3384,SULTANA
93667,36.9963,-119.3894,TOLLHOUSE
93668,36.6685,-120.2967,TRANQUILLITY
93669,37.2771,-119.5557,WISHON
93670,36.4867,-119.2587,YETTEM
93673,36.4554,-119.4866,TRAVER
93675,36.7423,-119.1927,SQUAW VALLEY
93701,36.7504,-119.7930,FRESNO
93702,36.7412,-119.7523,FRESNO
93703,36.7686,-119.7612,FRESNO
93704,36.8010,-119.8020,FRESNO
93705,36.7865,-119.8282,FRESNO
93706,36.6413,-119.9048,FRESNO
93707,36.7475,-119.7716,FRESNO
93708,36.7475,-119.7716,FRESNO
93709,36.7475,-119.7716,FRESNO
93710,36.8231,-119.7589,FRESNO
93711,36.8421,-119.8285,FRESNO
93712,36.7475,-119.7716,FRESNO
93714,36.7475,-119.7716,FRESNO
93715,36.7475,-119.7716,FRESNO
93716,36.7475,-119.7716,FRESNO
93717,36.7475,-119.7716,FRESNO
93718,36.7475,-119.7716,FRESNO
93720,36.8614,-119.7612,FRESNO
93721,36.7292,-119.7888,FRESNO
93722,36.8044,-119.8889,FRESNO
93723,36.7879,-119.9524,FRESNO
93724,36.7363,-119.7891,FRESNO
93725,36.6057,-119.7185,FRESNO
93726,36.7940,-119.7590,FRESNO
93727,36.7541,-119.6733,FRESNO
93728,36.7574,-119.8174,FRESNO
93729,36.7475,-119.7716,FRESNO
93730,36.9051,-119.7600,FRESNO
93737,36.7506,-119.6578,FRESNO
93740,36.8121,-119.7474,FRESNO
93741,36.7677,-119.7955,FRESNO
93744,36.7475,-119.7716,FRESNO
93745,36.7109,-119.7575,FRESNO
93747,36.7475,-119.7716,FRESNO
93750,36.7475,-119.7716,FRESNO
93755,36.7475,-119.7716,FRESNO
93760,36.7475,-119.7716,FRESNO
93761,36.7475,-119.7716,FRESNO
93764,36.7475,-119.7716,FRESNO
93765,36.7475,-119.7716,FRESNO
93771,36.7475,-119.7716,FRESNO
93772,36.7475,-119.7716,FRESNO
93773,36.7475,-119.7716,FRESNO
93774,36.7475,-119.7716,FRESNO
93775,36.7475,-119.7716,FRESNO
93776,36.7475,-119.7716,FRESNO
93777,36.7475,-119.7716,FRESNO
93778,36.7475,-119.7716,FRESNO
93779,36.7475,-119.7716,FRESNO
93786,36.7475,-119.7716,FRESNO
93790,36.7475,-119.7716,FRESNO
93791,36.7475,-119.7716,FRESNO
93792,36.7475,-119.7716,FRESNO
93793,36.7475,-119.7716,FRESNO
93794,36.7475,-119.7716,FRESNO
93844,36.7475,-119.7716,FRESNO
93888,36.7475,-119.7716,FRESNO
93901,36.6603,-121.6498,SALINAS
93902,36.6778,-121.6545,SALINAS
93905,36.6757,-121.6088,SALINAS
93906,36.7292,-121.6201,SALINAS
93907,36.7691,-121.6505,SALINAS
93908,36.6418,-121.5869,SALINAS
93912,36.6778,-121.6545,SALINAS
93915,36.6778,-121.6545,SALINAS
93920,36.0648,-121.5493,BIG SUR
93921,36.5547,-121.9217,CARMEL BY THE SEA
93922,36.5567,-121.9158,CARMEL
93923,36.4133,-121.7997,CARMEL
93924,36.3926,-121.6276,CARMEL VALLEY
93925,36.5947,-121.4149,CHUALAR
93926,36.5449,-121.4217,GONZALES
93927,36.2355,-121.3744,GREENFIELD
93928,36.0078,-121.2853,JOLON
93930,36.1786,-121.0028,KING CITY
93932,35.9862,-121.2213,LOCKWOOD
93933,36.6842,-121.7742,MARINA
93940,36.5836,-121.8369,MONTEREY
93942,36.6005,-121.8938,MONTEREY
93943,36.5972,-121.8729,MONTEREY
93944,36.5719,-121.9046,MONTEREY
93950,36.6179,-121.9218,PACIFIC GROVE
93953,36.5878,-121.9458,PEBBLE BEACH
93954,36.1064,-120.8674,SAN LUCAS
93955,36.6398,-121.8222,SEASIDE
93960,36.3863,-121.3453,SOLEDAD
93962,36.6246,-121.6476,SPRECKELS
94002,37.5138,-122.2963,BELMONT
94005,37.6870,-122.4185,BRISBANE
94010,37.5678,-122.3694,BURLINGAME
94011,37.5844,-122.3650,BURLINGAME
94014,37.6867,-122.4382,DALY CITY
94015,37.6760,-122.4762,DALY CITY
94016,37.7074,-122.4587,DALY CITY
94017,37.6977,-122.4792,DALY CITY
94018,37.5023,-122.4676,EL GRANADA
94019,37.4730,-122.4111,HALF MOON BAY
94020,37.2952,-122.2237,LA HONDA
94021,37.2516,-122.2657,LOMA MAR
94022,37.3656,-122.1485,LOS ALTOS
94023,37.3853,-122.1133,LOS ALTOS
94024,37.3551,-122.1110,LOS ALTOS
94025,37.4590,-122.1861,MENLO PARK
94026,37.4539,-122.1813,MENLO PARK
94027,37.4501,-122.2050,ATHERTON
94028,37.3689,-122.2143,PORTOLA VALLEY
94030,37.5985,-122.4033,MILLBRAE
94035,37.4150,-122.0517,MOUNTAIN VIEW
94037,37.5424,-122.5085,MONTARA
94038,37.5154,-122.5090,MOSS BEACH
94039,37.3862,-122.0826,MOUNTAIN VIEW
94040,37.3848,-122.0877,MOUNTAIN VIEW
94041,37.3880,-122.0743,MOUNTAIN VIEW
94042,37.3862,-122.0826,MOUNTAIN VIEW
94043,37.4192,-122.0754,MOUNTAIN VIEW
94044,37.6145,-122.4820,PACIFICA
94060,37.1971,-122.3305,PESCADERO
94061,37.4633,-122.2408,REDWOOD CITY
94062,37.4088,-122.2952,REDWOOD CITY
94063,37.5052,-122.2048,REDWOOD CITY
94064,37.4864,-122.2336,REDWOOD CITY
94065,37.5348,-122.2471,REDWOOD CITY
94066,37.6183,-122.4346,SAN BRUNO
94070,37.4950,-122.2677,SAN CARLOS
94074,37.3285,-122.3435,SAN GREGORIO
94080,37.6578,-122.4231,SOUTH SAN FRANCISCO
94083,37.6548,-122.4064,SOUTH SAN FRANCISCO
94085,37.3886,-122.0168,SUNNYVALE
94086,37.3697,-122.0242,SUNNYVALE
94087,37.3535,-122.0305,SUNNYVALE
94088,37.3688,-122.0353,SUNNYVALE
94089,37.4252,-122.0172,SUNNYVALE
94102,37.7794,-122.4177,SAN FRANCISCO
94103,37.7755,-122.4129,SAN FRANCISCO
94104,37.7910,-122.4019,SAN FRANCISCO
94105,37.7885,-122.3939,SAN FRANCISCO
94107,37.7651,-122.3943,SAN FRANCISCO
94108,37.7909,-122.4087,SAN FRANCISCO
94109,37.7962,-122.4209,SAN FRANCISCO
94110,37.7487,-122.4158,SAN FRANCISCO
94111,37.7989,-122.3986,SAN FRANCISCO
94112,37.7217,-122.4446,SAN FRANCISCO
94114,37.7582,-122.4395,SAN FRANCISCO
94115,37.7860,-122.4373,SAN FRANCISCO
94116,37.7443,-122.4843,SAN FRANCISCO
94117,37.7692,-122.4425,SAN FRANCISCO
94118,37.7824,-122.4608,SAN FRANCISCO
94119,37.7753,-122.4186,SAN FRANCISCO
94120,37.7753,-122.4186,SAN FRANCISCO
94121,37.7809,-122.4953,SAN FRANCISCO
94122,37.7620,-122.4831,SAN FRANCISCO
94123,37.8018,-122.4365,SAN FRANCISCO
94124,37.7308,-122.3826,SAN FRANCISCO
94125,37.7753,-122.4186,SAN FRANCISCO
94126,37.7753,-122.4186,SAN FRANCISCO
94127,37.7324,-122.4574,SAN FRANCISCO
94128,37.6214,-122.3791,SAN FRANCISCO
94129,37.7988,-122.4661,SAN FRANCISCO
94130,37.8201,-122.3690,SAN FRANCISCO
94131,37.7464,-122.4436,SAN FRANCISCO
94132,37.7230,-122.4848,SAN FRANCISCO
94133,37.8038,-122.4114,SAN FRANCISCO
94134,37.7229,-122.4101,SAN FRANCISCO
94137,37.7753,-122.4186,SAN FRANCISCO
94139,37.7753,-122.4186,SAN FRANCISCO
94140,37.7753,-122.4186,SAN FRANCISCO
94141,37.7753,-122.4186,SAN FRANCISCO
94142,37.7753,-122.4186,SAN FRANCISCO
94143,37.7675,-122.3923,SAN FRANCISCO
94144,37.7753,-122.4186,SAN FRANCISCO
94145,37.7753,-122.4186,SAN FRANCISCO
94146,37.7753,-122.4186,SAN FRANCISCO
94147,37.7753,-122.4186,SAN FRANCISCO
94151,37.7753,-122.4186,SAN FRANCISCO
94158,37.7706,-122.3956,SAN FRANCISCO
94159,37.7753,-122.4186,SAN FRANCISCO
94160,37.7753,-122.4186,SAN FRANCISCO
94161,37.7753,-122.4186,SAN FRANCISCO
94163,37.7753,-122.4186,SAN FRANCISCO
94164,37.7753,-122.4186,SAN FRANCISCO
94172,37.7753,-122.4186,SAN FRANCISCO
94177,37.7753,-122.4186,SAN FRANCISCO
94188,37.7407,-122.3809,SAN FRANCISCO
94203,38.5819,-121.4935,SACRAMENTO
94204,38.5819,-121.4935,SACRAMENTO
94205,38.5819,-121.4935,SACRAMENTO
94206,38.5819,-121.4935,SACRAMENTO
94209,38.5819,-121.4935,SACRAMENTO
94229,38.5819,-121.4935,SACRAMENTO
94230,38.5819,-121.4935,SACRAMENTO
94232,38.5819,-121.4935,SACRAMENTO
94235,38.5819,-121.4935,SACRAMENTO
94236,38.5819,-121.4935,SACRAMENTO
94237,38.5819,-121.4935,SACRAMENTO
94239,38.5819,-121.4935,SACRAMENTO
94240,38.5819,-121.4935,SACRAMENTO
94244,38.5819,-121.4935,SACRAMENTO
94247,38.5819,-121.4935,SACRAMENTO
94248,38.5819,-121.4935,SACRAMENTO
94249,38.5819,-121.4935,SACRAMENTO
94250,38.5819,-121.4935,SACRAMENTO
94252,38.5819,-121.4935,SACRAMENTO
94254,38.5819,-121.4935,SACRAMENTO
94256,38.5819,-121.4935,SACRAMENTO
94257,38.5819,-121.4935,SACRAMENTO
94258,38.5819,-121.4935,SACRAMENTO
94259,38.5819,-121.4935,SACRAMENTO
94261,38.5819,-121.4935,SACRAMENTO
94262,38.5819,-121.4935,SACRAMENTO
94263,38.5819,-121.4935,SACRAMENTO
94267,38.5819,-121.4935,SACRAMENTO
94268,38.5819,-121.4935,SACRAMENTO
94269,38.5819,-121.4935,SACRAMENTO
94271,38.5819,-121.4935,SACRAMENTO
94273,38.5819,-121.4935,SACRAMENTO
94274,38.5819,-121.4935,SACRAMENTO
94277,38.5819,-121.4935,SACRAMENTO
94278,38.5819,-121.4935,SACRAMENTO
94279,38.5819,-121.4935,SACRAMENTO
94280,38.5819,-121.4935,SACRAMENTO
94283,38.5819,-121.4935,SACRAMENTO
94284,38.5819,-121.4935,SACRAMENTO
94285,38.5819,-121.4935,SACRAMENTO
94287,38.5819,-121.4935,SACRAMENTO
94288,38.5819,-121.4935,SACRAMENTO
94289,38.5819,-121.4935,SACRAMENTO
94290,38.5819,-121.4935,SACRAMENTO
94293,38.5819,-121.4935,SACRAMENTO
94294,38.5819,-121.4935,SACRAMENTO
94295,38.5819,-121.4935,SACRAMENTO
94296,38.5819,-121.4935,SACRAMENTO
94297,38.5819,-121.4935,SACRAMENTO
94298,38.5819,-121.4935,SACRAMENTO
94299,38.5819,-121.4935,SACRAMENTO
94301,37.4430,-122.1512,PALO ALTO
94302,37.4417,-122.1417,PALO ALTO
94303,37.4578,-122.1225,PALO ALTO
94304,37.4043,-122.1673,PALO ALTO
94305,37.4240,-122.1676,STANFORD
94306,37.4118,-122.1295,PALO ALTO
94309,37.4417,-122.1417,PALO ALTO
94401,37.5742,-122.3194,SAN MATEO
94402,37.5263,-122.3356,SAN MATEO
94403,37.5407,-122.3042,SAN MATEO
94404,37.5547,-122.2694,SAN MATEO
94497,37.5633,-122.3246,SAN MATEO
94501,37.7735,-122.2785,ALAMEDA
94502,37.7343,-122.2439,ALAMEDA
94503,38.2036,-122.2319,AMERICAN CANYON
94505,37.8887,-121.6020,DISCOVERY BAY
94506,37.8101,-121.9110,DANVILLE
94507,37.8529,-121.9900,ALAMO
94508,38.5851,-122.4412,ANGWIN
94509,37.9898,-121.8073,ANTIOCH
94510,38.0951,-122.1261,BENICIA
94511,38.0534,-121.6277,BETHEL ISLAND
94512,38.1275,-121.8390,BIRDS LANDING
94513,37.8998,-121.7351,BRENTWOOD
94514,37.8193,-121.6425,BYRON
94515,38.6184,-122.5855,CALISTOGA
94516,37.8329,-122.1891,CANYON
94517,37.8946,-121.8720,CLAYTON
94518,37.9536,-122.0219,CONCORD
94519,37.9903,-122.0017,CONCORD
94520,38.0047,-122.0358,CONCORD
94521,37.9655,-121.9527,CONCORD
94522,37.9784,-122.0302,CONCORD
94523,37.9538,-122.0778,PLEASANT HILL
94524,37.9784,-122.0302,CONCORD
94525,38.0483,-122.2289,CROCKETT
94526,37.8136,-121.9978,DANVILLE
94527,37.9784,-122.0302,CONCORD
94528,37.8414,-121.9628,DIABLO
94529,37.9784,-122.0302,CONCORD
94530,37.9211,-122.2890,EL CERRITO
94531,37.9566,-121.7852,ANTIOCH
94533,38.2802,-122.0202,FAIRFIELD
94534,38.2250,-122.1245,FAIRFIELD
94535,38.2730,-121.9338,TRAVIS AFB
94536,37.5670,-121.9827,FREMONT
94537,37.5486,-121.9875,FREMONT
94538,37.5101,-121.9861,FREMONT
94539,37.5288,-121.9103,FREMONT
94540,37.6687,-122.0799,HAYWARD
94541,37.6740,-122.0827,HAYWARD
94542,37.6535,-122.0326,HAYWARD
94543,37.6687,-122.0799,HAYWARD
94544,37.6368,-122.0494,HAYWARD
94545,37.6327,-122.1141,HAYWARD
94546,37.7152,-122.0804,CASTRO VALLEY
94547,38.0084,-122.2594,HERCULES
94548,37.9774,-121.6442,KNIGHTSEN
94549,37.8901,-122.1060,LAFAYETTE
94550,37.5098,-121.6389,LIVERMORE
94551,37.7644,-121.7653,LIVERMORE
94552,37.6953,-121.9820,CASTRO VALLEY
94553,37.9751,-122.1548,MARTINEZ
94555,37.5522,-122.0776,FREMONT
94556,37.8382,-122.1040,MORAGA
94557,37.6687,-122.0799,HAYWARD
94558,38.5653,-122.1994,NAPA
94559,38.2519,-122.3284,NAPA
94560,37.5206,-122.0496,NEWARK
94561,37.9942,-121.6888,OAKLEY
94562,38.4369,-122.4012,OAKVILLE
94563,37.8633,-122.1909,ORINDA
94564,37.9955,-122.2814,PINOLE
94565,38.0095,-121.9281,PITTSBURG
94566,37.6453,-121.8497,PLEASANTON
94567,38.6808,-122.4441,POPE VALLEY
94568,37.7163,-121.9124,DUBLIN
94569,38.0460,-122.1871,PORT COSTA
94570,37.8353,-122.1287,MORAGA
94571,38.1873,-121.7543,RIO VISTA
94572,38.0302,-122.2418,RODEO
94573,38.4586,-122.4216,RUTHERFORD
94574,38.5521,-122.4099,SAINT HELENA
94575,37.8359,-122.1091,MORAGA
94576,38.5582,-122.4807,DEER PARK
94577,37.7159,-122.1610,SAN LEANDRO
94578,37.7091,-122.1285,SAN LEANDRO
94579,37.6878,-122.1565,SAN LEANDRO
94580,37.6781,-122.1354,SAN LORENZO
94581,38.2975,-122.2845,NAPA
94582,37.7635,-121.9121,SAN RAMON
94583,37.7699,-122.0014,SAN RAMON
94585,38.1556,-121.9451,SUISUN CITY
94586,37.5667,-121.8824,SUNOL
94587,37.6021,-122.0444,UNION CITY
94588,37.6902,-121.9022,PLEASANTON
94589,38.1386,-122.2529,VALLEJO
94590,38.0946,-122.2539,VALLEJO
94591,38.1137,-122.1972,VALLEJO
94592,38.1287,-122.3200,VALLEJO
94595,37.8700,-122.0705,WALNUT CREEK
94596,37.8914,-122.0358,WALNUT CREEK
94597,37.9180,-122.0735,WALNUT CREEK
94598,37.8994,-121.9921,WALNUT CREEK
94599,38.3994,-122.3737,YOUNTVILLE
94601,37.7770,-122.2159,OAKLAND
94602,37.8047,-122.2060,OAKLAND
94603,37.7394,-122.1748,OAKLAND
94604,37.8046,-122.2699,OAKLAND
94605,37.7565,-122.1560,OAKLAND
94606,37.7899,-122.2444,OAKLAND
94607,37.8109,-122.3007,OAKLAND
94608,37.8347,-122.2919,EMERYVILLE
94609,37.8348,-122.2635,OAKLAND
94610,37.8116,-122.2386,OAKLAND
94611,37.8361,-122.2193,OAKLAND
94612,37.8088,-122.2675,OAKLAND
94613,37.7800,-122.1817,OAKLAND
94614,37.8046,-122.2699,OAKLAND
94615,37.8046,-122.2998,OAKLAND
94617,37.8039,-122.2682,OAKLAND
94618,37.8450,-122.2384,OAKLAND
94619,37.7880,-122.1695,OAKLAND
94620,37.8046,-122.2699,PIEDMONT
94621,37.7355,-122.2086,OAKLAND
94622,37.8046,-122.2699,OAKLAND
94623,37.8046,-122.2699,OAKLAND
94624,37.8046,-122.2699,OAKLAND
94649,37.8046,-122.2699,OAKLAND
94659,37.8046,-122.2699,OAKLAND
94660,37.8046,-122.2699,OAKLAND
94661,37.8046,-122.2699,OAKLAND
94662,37.8317,-122.2845,EMERYVILLE
94666,37.8046,-122.2699,OAKLAND
94701,37.8718,-122.2718,BERKELEY
94702,37.8642,-122.2862,BERKELEY
94703,37.8657,-122.2746,BERKELEY
94704,37.8666,-122.2580,BERKELEY
94705,37.8616,-122.2421,BERKELEY
94706,37.8896,-122.2949,ALBANY
94707,37.8994,-122.2785,BERKELEY
94708,37.9001,-122.2618,BERKELEY
94709,37.8799,-122.2648,BERKELEY
94710,37.8715,-122.3071,BERKELEY
94712,37.8718,-122.2718,BERKELEY
94720,37.8746,-122.2547,BERKELEY
94801,37.9466,-122.3815,RICHMOND
94802,37.9359,-122.3469,RICHMOND
94803,37.9629,-122.2815,EL SOBRANTE
94804,37.9243,-122.3443,RICHMOND
94805,37.9437,-122.3140,RICHMOND
94806,37.9800,-122.3331,SAN PABLO
94807,37.9244,-122.3881,RICHMOND
94808,37.9359,-122.3469,RICHMOND
94820,37.9772,-122.2943,EL SOBRANTE
94850,37.9022,-122.3174,RICHMOND
94901,37.9719,-122.5044,SAN RAFAEL
94903,38.0240,-122.5400,SAN RAFAEL
94904,37.9499,-122.5407,GREENBRAE
94912,37.9737,-122.5303,SAN RAFAEL
94913,37.9737,-122.5303,SAN RAFAEL
94914,37.9736,-122.5308,KENTFIELD
94915,37.9736,-122.5308,SAN RAFAEL
94920,37.8865,-122.4628,BELVEDERE TIBURON
94922,38.3343,-122.9468,BODEGA
94923,38.3727,-123.0619,BODEGA BAY
94924,37.9311,-122.6976,BOLINAS
94925,37.9225,-122.5111,CORTE MADERA
94926,38.3267,-122.7061,ROHNERT PARK
94927,38.3267,-122.7061,ROHNERT PARK
94928,38.3434,-122.6994,ROHNERT PARK
94929,38.2521,-122.9585,DILLON BEACH
94930,37.9661,-122.6455,FAIRFAX
94931,38.3256,-122.7041,COTATI
94933,38.0084,-122.6913,FOREST KNOLLS
94937,38.1153,-122.9221,INVERNESS
94938,38.0108,-122.7049,LAGUNITAS
94939,37.9378,-122.5266,LARKSPUR
94940,38.1973,-122.8877,MARSHALL
94941,37.8918,-122.5669,MILL VALLEY
94942,37.9062,-122.5439,MILL VALLEY
94945,38.1311,-122.5528,NOVATO
94946,38.0373,-122.7021,NICASIO
94947,38.1167,-122.6233,NOVATO
94948,38.1077,-122.5688,NOVATO
94949,38.0698,-122.5445,NOVATO
94950,38.0421,-122.7736,OLEMA
94951,38.3196,-122.6402,PENNGROVE
94952,38.2117,-122.7897,PETALUMA
94953,38.2328,-122.6359,PETALUMA
94954,38.2224,-122.5596,PETALUMA
94955,38.2338,-122.6398,PETALUMA
94956,38.0095,-122.7933,POINT REYES STATION
94957,37.9639,-122.5526,ROSS
94960,37.9921,-122.5813,SAN ANSELMO
94963,38.0042,-122.6774,SAN GERONIMO
94964,37.9420,-122.4900,SAN QUENTIN
94965,37.8472,-122.5311,SAUSALITO
94966,37.8592,-122.4843,SAUSALITO
94970,37.9161,-122.6628,STINSON BEACH
94971,38.2425,-122.9069,TOMALES
94972,38.3164,-122.9267,VALLEY FORD
94973,37.9989,-122.6427,WOODACRE
94974,37.9390,-122.4904,SAN QUENTIN
94975,38.2346,-122.6364,PETALUMA
94976,37.9257,-122.5267,CORTE MADERA
94977,37.9344,-122.5344,LARKSPUR
94978,37.9873,-122.5878,FAIRFAX
94979,37.9748,-122.5607,SAN ANSELMO
94998,38.1076,-122.5688,NOVATO
94999,38.2328,-122.6355,PETALUMA
95001,36.9774,-121.8985,APTOS
95002,37.4410,-121.9906,ALVISO
95003,37.0068,-121.8787,APTOS
95004,36.8760,-121.6235,AROMAS
95005,37.0982,-122.0882,BEN LOMOND
95006,37.1634,-122.1562,BOULDER CREEK
95007,37.1062,-122.1037,BROOKDALE
95008,37.2790,-121.9567,CAMPBELL
95009,37.2875,-121.9488,CAMPBELL
95010,36.9759,-121.9539,CAPITOLA
95011,37.2875,-121.9488,CAMPBELL
95012,36.7810,-121.7421,CASTROVILLE
95013,37.2083,-121.7554,COYOTE
95014,37.2943,-122.0944,CUPERTINO
95015,37.3233,-122.0311,CUPERTINO
95017,37.0569,-122.2174,DAVENPORT
95018,37.0823,-122.0612,FELTON
95019,36.9365,-121.7784,FREEDOM
95020,37.0207,-121.5724,GILROY
95021,37.0059,-121.5674,GILROY
95023,36.8956,-121.1837,HOLLISTER
95024,36.8528,-121.4007,HOLLISTER
95025,0.0000,0.0000,SAN JOSE
95026,37.1569,-121.9779,HOLY CITY
95030,37.2261,-121.9889,LOS GATOS
95031,37.2264,-121.9738,LOS GATOS
95032,37.2187,-121.9295,LOS GATOS
95033,37.1707,-121.9811,LOS GATOS
95035,37.4469,-121.8690,MILPITAS
95036,37.4283,-121.9058,MILPITAS
95037,37.1681,-121.6270,MORGAN HILL
95038,37.1306,-121.6534,MORGAN HILL
95039,36.8341,-121.7733,MOSS LANDING
95041,37.0512,-122.0563,MOUNT HERMON
95042,37.1762,-121.8197,NEW ALMADEN
95043,36.4688,-121.0063,PAICINES
95044,37.1564,-121.9856,REDWOOD ESTATES
95045,36.8526,-121.5292,SAN JUAN BAUTISTA
95046,37.0956,-121.6045,SAN MARTIN
95050,37.3515,-121.9508,SANTA CLARA
95051,37.3504,-121.9848,SANTA CLARA
95052,37.3524,-121.9584,SANTA CLARA
95053,37.3495,-121.9376,SANTA CLARA
95054,37.3963,-121.9614,SANTA CLARA
95055,37.3524,-121.9584,SANTA CLARA
95056,37.3524,-121.9584,SANTA CLARA
95060,37.0690,-122.1569,SANTA CRUZ
95061,36.9742,-122.0297,SANTA CRUZ
95062,36.9717,-121.9886,SANTA CRUZ
95063,36.9742,-122.0297,SANTA CRUZ
95064,37.0007,-122.0680,SANTA CRUZ
95065,37.0346,-121.9813,SANTA CRUZ
95066,37.0722,-122.0071,SCOTTS VALLEY
95067,36.9742,-122.0297,SCOTTS VALLEY
95070,37.2538,-122.0512,SARATOGA
95071,37.2636,-122.0218,SARATOGA
95073,37.0323,-121.9438,SOQUEL
95075,36.7620,-121.2908,TRES PINOS
95076,36.9428,-121.7240,WATSONVILLE
95077,36.9105,-121.7558,WATSONVILLE
95101,37.3904,-121.8862,SAN JOSE
95103,37.3355,-121.8938,SAN JOSE
95106,37.3355,-121.8938,SAN JOSE
95108,37.3355,-121.8938,SAN JOSE
95109,37.3355,-121.8938,SAN JOSE
95110,37.3422,-121.9068,SAN JOSE
95111,37.2820,-121.8321,SAN JOSE
95112,37.3415,-121.8818,SAN JOSE
95113,37.3341,-121.8921,SAN JOSE
95115,37.3355,-121.8938,SAN JOSE
95116,37.3499,-121.8507,SAN JOSE
95117,37.3127,-121.9658,SAN JOSE
95118,37.2555,-121.8895,SAN JOSE
95119,37.2298,-121.7864,SAN JOSE
95120,37.1927,-121.8341,SAN JOSE
95121,37.3032,-121.8077,SAN JOSE
95122,37.3305,-121.8382,SAN JOSE
95123,37.2407,-121.8269,SAN JOSE
95124,37.2554,-121.9254,SAN JOSE
95125,37.2972,-121.8951,SAN JOSE
95126,37.3241,-121.9150,SAN JOSE
95127,37.3712,-121.7510,SAN JOSE
95128,37.3163,-121.9364,SAN JOSE
95129,37.3075,-122.0022,SAN JOSE
95130,37.2852,-121.9875,SAN JOSE
95131,37.3874,-121.9023,SAN JOSE
95132,37.4090,-121.8279,SAN JOSE
95133,37.3716,-121.8612,SAN JOSE
95134,37.4248,-121.9460,SAN JOSE
95135,37.2758,-121.7146,SAN JOSE
95136,37.2725,-121.8435,SAN JOSE
95138,37.2482,-121.7357,SAN JOSE
95139,37.2247,-121.7630,SAN JOSE
95140,37.3682,-121.6853,MOUNT HAMILTON
95141,37.1717,-121.7515,SAN JOSE
95148,37.3328,-121.7714,SAN JOSE
95150,37.3353,-121.8938,SAN JOSE
95151,37.3353,-121.8938,SAN JOSE
95152,37.3353,-121.8938,SAN JOSE
95153,37.3353,-121.8938,SAN JOSE
95154,37.3353,-121.8938,SAN JOSE
95155,37.3353,-121.8938,SAN JOSE
95156,37.3353,-121.8938,SAN JOSE
95157,37.3353,-121.8938,SAN JOSE
95158,37.3353,-121.8938,SAN JOSE
95159,37.3353,-121.8938,SAN JOSE
95160,37.3353,-121.8938,SAN JOSE
95161,37.3353,-121.8938,SAN JOSE
95164,37.3353,-121.8938,SAN JOSE
95170,37.3353,-121.8938,SAN JOSE
95172,37.3353,-121.8938,SAN JOSE
95173,37.3353,-121.8938,SAN JOSE
95190,37.3353,-121.8938,SAN JOSE
95191,37.3353,-121.8938,SAN JOSE
95192,37.3359,-121.8818,SAN JOSE
95193,37.3353,-121.8938,SAN JOSE
95194,37.3353,-121.8938,SAN JOSE
95196,37.3315,-121.8977,SAN JOSE
95201,37.9578,-121.2897,STOCKTON
95202,37.9599,-121.2877,STOCKTON
95203,37.9536,-121.3282,STOCKTON
95204,37.9744,-121.3252,STOCKTON
95205,37.9618,-121.2608,STOCKTON
95206,37.9447,-121.4028,STOCKTON
95207,38.0003,-121.3247,STOCKTON
95208,37.8335,-121.2165,STOCKTON
95209,38.0467,-121.3494,STOCKTON
95210,38.0253,-121.3054,STOCKTON
95211,37.9777,-121.3136,STOCKTON
95212,38.0375,-121.2235,STOCKTON
95213,37.9904,-121.2874,STOCKTON
95215,37.9607,-121.1290,STOCKTON
95219,38.0291,-121.4551,STOCKTON
95220,38.1940,-121.1989,ACAMPO
95221,38.0757,-120.5524,ALTAVILLE
95222,38.0436,-120.5800,ANGELS CAMP
95223,38.3708,-120.1614,ARNOLD
95224,38.2236,-120.3347,AVERY
95225,38.1840,-120.8975,BURSON
95226,38.2366,-120.8618,CAMPO SECO
95227,38.2243,-121.0395,CLEMENTS
95228,37.9334,-120.6935,COPPEROPOLIS
95229,38.1147,-120.4537,DOUGLAS FLAT
95230,37.9656,-120.8435,FARMINGTON
95231,37.8817,-121.2911,FRENCH CAMP
95232,38.3565,-120.5850,GLENCOE
95233,38.1861,-120.3651,HATHAWAY PINES
95234,37.9344,-121.4264,HOLT
95236,38.0675,-121.0297,LINDEN
95237,38.1671,-121.1366,LOCKEFORD
95240,38.1254,-121.1499,LODI
95241,38.1304,-121.2716,LODI
95242,38.1471,-121.4314,LODI
95245,38.3185,-120.5271,MOKELUMNE HILL
95246,38.2233,-120.5212,MOUNTAIN RANCH
95247,38.1501,-120.4319,MURPHYS
95248,38.3408,-120.5162,RAIL ROAD FLAT
95249,38.1913,-120.6449,SAN ANDREAS
95251,38.1019,-120.4694,VALLECITO
95252,38.1638,-120.8304,VALLEY SPRINGS
95253,38.1384,-121.2053,VICTOR
95254,38.1913,-120.9569,WALLACE
95255,38.4347,-120.3771,WEST POINT
95257,38.3790,-120.4425,WILSEYVILLE
95258,38.1691,-121.3129,WOODBRIDGE
95267,37.9578,-121.2899,STOCKTON
95269,37.9578,-121.2899,STOCKTON
95296,37.9578,-121.2899,STOCKTON
95297,37.9578,-121.2899,STOCKTON
95301,37.2931,-120.6460,ATWATER
95303,37.4658,-120.6764,BALLICO
95304,37.6757,-121.3989,TRACY
95305,37.8209,-120.2592,BIG OAK FLAT
95306,37.4000,-120.1134,CATHEYS VALLEY
95307,37.5566,-120.9641,CERES
95309,37.8567,-120.4014,CHINESE CAMP
95310,38.0511,-120.3970,COLUMBIA
95311,37.6982,-120.1047,COULTERVILLE
95312,37.4201,-120.6652,CRESSEY
95313,37.4273,-121.0310,CROWS LANDING
95315,37.4256,-120.7627,DELHI
95316,37.5538,-120.6776,DENAIR
95317,37.1296,-120.5206,EL NIDO
95318,37.6715,-119.8648,EL PORTAL
95319,37.6414,-120.9067,EMPIRE
95320,37.8156,-121.0333,ESCALON
95321,37.8617,-119.9146,GROVELAND
95322,37.1965,-120.9580,GUSTINE
95323,37.6044,-120.6410,HICKMAN
95324,37.3970,-120.8951,HILMAR
95325,37.4524,-120.2652,HORNITOS
95326,37.5935,-120.8471,HUGHSON
95327,37.8785,-120.4903,JAMESTOWN
95328,37.5575,-120.9136,KEYES
95329,37.6872,-120.4061,LA GRANGE
95330,37.8129,-121.3104,LATHROP
95333,37.2837,-120.2065,LE GRAND
95334,37.3652,-120.7489,LIVINGSTON
95335,38.1024,-120.0683,LONG BARN
95336,37.8324,-121.1871,MANTECA
95337,37.7396,-121.2435,MANTECA
95338,37.5108,-119.9805,MARIPOSA
95340,37.3754,-120.3802,MERCED
95341,37.2453,-120.4888,MERCED
95343,37.3985,-120.3880,MERCED
95344,37.3022,-120.4816,MERCED
95345,37.5863,-119.9828,MIDPINES
95346,38.0289,-120.1494,MI WUK VILLAGE
95347,37.8106,-120.2988,MOCCASIN
95348,37.3645,-120.5216,MERCED
95350,37.6677,-121.0148,MODESTO
95351,37.6242,-120.9982,MODESTO
95352,37.6395,-120.9956,MODESTO
95353,37.6395,-120.9956,MODESTO
95354,37.6374,-120.9701,MODESTO
95355,37.6722,-120.9431,MODESTO
95356,37.7219,-121.0437,MODESTO
95357,37.6741,-120.8930,MODESTO
95358,37.6117,-121.1088,MODESTO
95360,37.2809,-121.2115,NEWMAN
95361,37.7771,-120.7609,OAKDALE
95363,37.4622,-121.1734,PATTERSON
95364,38.3435,-119.9184,PINECREST
95365,37.3005,-120.3278,PLANADA
95366,37.7573,-121.1219,RIPON
95367,37.7327,-120.9475,RIVERBANK
95368,37.7167,-121.0896,SALIDA
95369,37.5348,-120.4121,SNELLING
95370,37.9839,-120.3897,SONORA
95372,37.9960,-120.2602,SOULSBYVILLE
95373,37.9844,-120.3814,STANDARD
95374,37.3305,-120.8909,STEVINSON
95375,38.2072,-119.9974,STRAWBERRY
95376,37.7369,-121.4327,TRACY
95377,37.6179,-121.4612,TRACY
95378,37.7398,-121.4243,TRACY
95379,37.9472,-120.2158,TUOLUMNE
95380,37.4779,-120.8607,TURLOCK
95381,37.4948,-120.8459,TURLOCK
95382,37.5274,-120.8438,TURLOCK
95383,38.0484,-120.2087,TWAIN HARTE
95385,37.6300,-121.2498,VERNALIS
95386,37.6881,-120.6565,WATERFORD
95387,37.5395,-121.2892,WESTLEY
95388,37.4295,-120.5537,WINTON
95389,37.6488,-119.6211,YOSEMITE NATIONAL PARK
95391,37.7594,-121.5990,TRACY
95397,37.6392,-120.9958,MODESTO
95401,38.4534,-122.7814,SANTA ROSA
95402,38.4408,-122.7156,SANTA ROSA
95403,38.5028,-122.7535,SANTA ROSA
95404,38.4579,-122.7045,SANTA ROSA
95405,38.4387,-122.6750,SANTA ROSA
95406,38.4408,-122.7136,SANTA ROSA
95407,38.3917,-122.7511,SANTA ROSA
95409,38.4588,-122.6067,SANTA ROSA
95410,39.2080,-123.6800,ALBION
95412,38.7017,-123.3521,ANNAPOLIS
95415,39.0151,-123.3842,BOONVILLE
95416,38.3176,-122.4850,BOYES HOT SPRINGS
95417,39.6621,-123.6318,BRANSCOMB
95418,39.2346,-123.2031,CALPELLA
95419,38.4235,-122.9569,CAMP MEEKER
95420,39.3618,-123.7813,CASPAR
95421,38.6308,-123.2501,CAZADERO
95422,38.9768,-122.6415,CLEARLAKE
95423,39.1365,-122.6329,CLEARLAKE OAKS
95424,38.9704,-122.6656,CLEARLAKE PARK
95425,38.7788,-123.0436,CLOVERDALE
95426,38.8331,-122.7138,COBB
95427,39.2767,-123.5763,COMPTCHE
95428,39.7407,-123.1797,COVELO
95429,39.7036,-123.3632,DOS RIOS
95430,38.4508,-123.0557,DUNCANS MILLS
95431,38.3486,-122.5158,ELDRIDGE
95432,39.1437,-123.6694,ELK
95433,38.2987,-122.4938,EL VERANO
95435,39.0027,-122.8746,FINLEY
95436,38.4965,-122.9039,FORESTVILLE
95437,39.4860,-123.6936,FORT BRAGG
95439,38.4952,-122.7778,FULTON
95441,38.7473,-122.8833,GEYSERVILLE
95442,38.3761,-122.5166,GLEN ELLEN
95443,39.0299,-122.7370,GLENHAVEN
95444,38.4333,-122.8690,GRATON
95445,38.8275,-123.5758,GUALALA
95446,38.5190,-123.0079,GUERNEVILLE
95448,38.6301,-122.8657,HEALDSBURG
95449,38.9457,-123.0746,HOPLAND
95450,38.4951,-123.1741,JENNER
95451,38.9431,-122.7915,KELSEYVILLE
95452,38.4285,-122.5357,KENWOOD
95453,39.0458,-122.9662,LAKEPORT
95454,39.7476,-123.4821,LAYTONVILLE
95456,39.2635,-123.7378,LITTLE RIVER
95457,38.8783,-122.5572,LOWER LAKE
95458,39.0656,-122.7876,LUCERNE
95459,39.0233,-123.6067,MANCHESTER
95460,39.3184,-123.7080,MENDOCINO
95461,38.7890,-122.5912,MIDDLETOWN
95462,38.4659,-123.0215,MONTE RIO
95463,39.1939,-123.5906,NAVARRO
95464,39.1244,-122.8287,NICE
95465,38.4043,-123.0208,OCCIDENTAL
95466,39.0859,-123.5484,PHILO
95467,38.7925,-122.5350,HIDDEN VALLEY LAKE
95468,38.9105,-123.5445,POINT ARENA
95469,39.3832,-123.0682,POTTER VALLEY
95470,39.3053,-123.2267,REDWOOD VALLEY
95471,38.5238,-122.9786,RIO NIDO
95472,38.4017,-122.8742,SEBASTOPOL
95473,38.4024,-122.8225,SEBASTOPOL
95476,38.2455,-122.4621,SONOMA
95480,38.6971,-123.3575,STEWARTS POINT
95481,39.1310,-123.1629,TALMAGE
95482,39.1310,-123.2441,UKIAH
95485,39.2160,-122.9203,UPPER LAKE
95486,38.4656,-123.0353,VILLA GRANDE
95487,38.2699,-122.4419,VINEBURG
95488,39.6886,-123.7213,WESTPORT
95490,39.4880,-123.3584,WILLITS
95492,38.5439,-122.8106,WINDSOR
95493,39.1893,-122.9741,WITTER SPRINGS
95494,38.9309,-123.3002,YORKVILLE
95497,38.7283,-123.4741,THE SEA RANCH
95501,40.7995,-124.1527,EUREKA
95502,40.8147,-124.0804,EUREKA
95503,40.7214,-124.0994,EUREKA
95511,40.1728,-123.6271,ALDERPOINT
95514,40.2929,-123.6432,BLOCKSBURG
95518,40.8668,-124.0830,ARCATA
95519,40.9575,-124.0306,MCKINLEYVILLE
95521,40.8489,-124.0245,ARCATA
95524,40.8212,-124.0476,BAYSIDE
95525,40.9262,-123.8583,BLUE LAKE
95526,40.4114,-123.6178,BRIDGEVILLE
95527,40.7861,-123.4149,BURNT RANCH
95528,40.4786,-123.9384,CARLOTTA
95531,41.7510,-123.9417,CRESCENT CITY
95532,41.8535,-124.1506,CRESCENT CITY
95534,40.7635,-124.1451,CUTTEN
95536,40.4798,-124.2297,FERNDALE
95537,40.7291,-124.2167,FIELDS LANDING
95538,41.8677,-124.1488,FORT DICK
95540,40.5855,-124.1312,FORTUNA
95542,40.0897,-123.7830,GARBERVILLE
95543,41.9012,-123.8155,GASQUET
95545,40.3108,-124.0910,HONEYDEW
95546,41.2287,-123.7538,HOOPA
95547,40.5506,-124.0862,HYDESVILLE
95548,41.6117,-124.0362,KLAMATH
95549,40.6559,-123.8912,KNEELAND
95550,40.7373,-123.7986,KORBEL
95551,40.6859,-124.2510,LOLETA
95552,40.3338,-123.3909,MAD RIVER
95553,40.2176,-123.8655,MIRANDA
95554,40.2644,-123.8920,MYERS FLAT
95555,41.3645,-124.0129,ORICK
95556,41.2722,-123.5597,ORLEANS
95558,40.2868,-124.2088,PETROLIA
95559,40.1881,-123.7519,PHILLIPSVILLE
95560,40.1271,-123.8768,REDWAY
95562,40.4805,-124.1455,RIO DELL
95563,40.8306,-123.5885,SALYER
95564,40.7939,-124.2030,SAMOA
95565,40.4486,-124.0136,SCOTIA
95567,41.9363,-124.1286,SMITH RIVER
95568,41.5497,-123.5475,SOMES BAR
95569,40.3465,-123.8745,REDCREST
95570,41.1324,-124.0477,TRINIDAD
95571,40.3073,-123.9035,WEOTT
95573,40.9620,-123.6429,WILLOW CREEK
95585,39.8330,-123.6936,LEGGETT
95587,39.9472,-123.8082,PIERCY
95589,40.0026,-124.0071,WHITETHORN
95595,40.2032,-123.3836,ZENIA
95601,38.4307,-120.8386,AMADOR CITY
95602,38.9869,-121.1202,AUBURN
95603,38.9200,-121.0748,AUBURN
95604,38.9115,-121.0810,AUBURN
95605,38.5925,-121.5423,WEST SACRAMENTO
95606,38.7590,-122.1956,BROOKS
95607,38.7105,-122.1156,CAPAY
95608,38.6232,-121.3281,CARMICHAEL
95609,38.6173,-121.3275,CARMICHAEL
95610,38.6926,-121.2676,CITRUS HEIGHTS
95611,38.7072,-121.2800,CITRUS HEIGHTS
95612,38.4084,-121.5772,CLARKSBURG
95613,38.7963,-120.8842,COLOMA
95614,38.8833,-120.9882,COOL
95615,38.3072,-121.5517,COURTLAND
95616,38.5630,-121.8160,DAVIS
95617,38.5452,-121.7397,DAVIS
95618,38.5515,-121.6603,DAVIS
95619,38.6835,-120.8111,DIAMOND SPRINGS
95620,38.3955,-121.8174,DIXON
95621,38.6932,-121.3122,CITRUS HEIGHTS
95623,38.6092,-120.8483,EL DORADO
95624,38.4430,-121.2993,ELK GROVE
95625,38.3491,-121.9035,ELMIRA
95626,38.7402,-121.4595,ELVERTA
95627,38.7324,-122.0177,ESPARTO
95628,38.6496,-121.2541,FAIR OAKS
95629,38.5104,-120.7187,FIDDLETOWN
95630,38.6645,-121.1450,FOLSOM
95631,39.0683,-120.6486,FORESTHILL
95632,38.2734,-121.2244,GALT
95633,38.8535,-120.8306,GARDEN VALLEY
95634,38.9171,-120.6703,GEORGETOWN
95635,38.9184,-120.9038,GREENWOOD
95636,38.6671,-120.5042,GRIZZLY FLATS
95637,38.8605,-122.2701,GUINDA
95638,38.3438,-121.1386,HERALD
95639,38.3721,-121.5072,HOOD
95640,38.3437,-120.9233,IONE
95641,38.1642,-121.5975,ISLETON
95642,38.3337,-120.7513,JACKSON
95644,38.5324,-120.2872,KIT CARSON
95645,38.8418,-121.7641,KNIGHTS LANDING
95646,38.6327,-119.9987,KIRKWOOD
95648,38.9315,-121.3234,LINCOLN
95650,38.8153,-121.1674,LOOMIS
95651,38.8297,-120.9297,LOTUS
95652,38.6646,-121.4037,MCCLELLAN
95653,38.6886,-121.9821,MADISON
95654,38.3488,-120.7733,MARTELL
95655,38.5523,-121.2886,MATHER
95656,38.5503,-120.7307,MOUNT AUKUM
95658,38.8745,-121.1524,NEWCASTLE
95659,38.8481,-121.5849,NICOLAUS
95660,38.6697,-121.3813,NORTH HIGHLANDS
95661,38.7439,-121.2587,ROSEVILLE
95662,38.6844,-121.2252,ORANGEVALE
95663,38.8534,-121.1803,PENRYN
95664,38.7935,-121.0458,PILOT HILL
95665,38.3930,-120.6588,PINE GROVE
95666,38.5627,-120.3490,PIONEER
95667,38.7506,-120.7885,PLACERVILLE
95668,38.8383,-121.5003,PLEASANT GROVE
95669,38.4824,-120.8825,PLYMOUTH
95670,38.6048,-121.2692,RANCHO CORDOVA
95671,38.6734,-121.1498,REPRESA
95672,38.7287,-120.9934,RESCUE
95673,38.6888,-121.4568,RIO LINDA
95674,38.9512,-121.5000,RIO OSO
95675,38.5446,-120.7427,RIVER PINES
95676,38.9345,-121.7074,ROBBINS
95677,38.7960,-121.2352,ROCKLIN
95678,38.7634,-121.2797,ROSEVILLE
95679,38.8805,-122.3293,RUMSEY
95680,38.2388,-121.5594,RYDE
95681,39.0044,-121.3535,SHERIDAN
95682,38.6164,-120.9732,SHINGLE SPRINGS
95683,38.5142,-121.1252,SLOUGHHOUSE
95684,38.5979,-120.5348,SOMERSET
95685,38.4337,-120.7821,SUTTER CREEK
95686,38.1883,-121.4879,THORNTON
95687,38.3505,-121.9196,VACAVILLE
95688,38.4157,-122.0104,VACAVILLE
95689,38.4704,-120.6083,VOLCANO
95690,38.2323,-121.5898,WALNUT GROVE
95691,38.6295,-121.5863,WEST SACRAMENTO
95692,39.0510,-121.3977,WHEATLAND
95693,38.3988,-121.2547,WILTON
95694,38.5773,-122.0108,WINTERS
95695,38.6919,-121.8616,WOODLAND
95696,38.3559,-121.9884,VACAVILLE
95697,38.7353,-121.7883,YOLO
95698,38.8166,-121.9197,ZAMORA
95699,38.4516,-120.8629,DRYTOWN
95701,39.2476,-120.7476,ALTA
95703,38.9892,-120.9931,APPLEGATE
95709,38.7495,-120.6714,CAMINO
95712,39.1737,-120.9320,CHICAGO PARK
95713,39.0856,-120.9133,COLFAX
95714,39.1948,-120.8305,DUTCH FLAT
95715,39.2470,-120.6454,EMIGRANT GAP
95717,39.1585,-120.8466,GOLD RUN
95720,38.7869,-120.2249,KYBURZ
95721,38.8196,-120.0887,ECHO LAKE
95722,39.0020,-121.0371,MEADOW VISTA
95724,39.2488,-120.4437,NORDEN
95726,38.7872,-120.5019,POLLOCK PINES
95728,39.4174,-120.4698,SODA SPRINGS
95735,38.8076,-120.1283,TWIN BRIDGES
95736,39.0097,-120.9784,WEIMAR
95741,38.5895,-121.3018,RANCHO CORDOVA
95742,38.5819,-121.2067,RANCHO CORDOVA
95746,38.7544,-121.1709,GRANITE BAY
95747,38.7845,-121.3734,ROSEVILLE
95757,38.3417,-121.4339,ELK GROVE
95758,38.4327,-121.4394,ELK GROVE
95759,38.4086,-121.3706,ELK GROVE
95762,38.6827,-121.0755,EL DORADO HILLS
95763,38.6783,-121.1753,FOLSOM
95765,38.8179,-121.2762,ROCKLIN
95776,38.6848,-121.6824,WOODLAND
95798,38.5809,-121.5295,WEST SACRAMENTO
95799,38.5809,-121.5295,WEST SACRAMENTO
95811,38.5861,-121.4997,SACRAMENTO
95812,38.5817,-121.4934,SACRAMENTO
95813,38.5817,-121.4934,SACRAMENTO
95814,38.5817,-121.4959,SACRAMENTO
95815,38.6057,-121.4459,SACRAMENTO
95816,38.5759,-121.4644,SACRAMENTO
95817,38.5517,-121.4507,SACRAMENTO
95818,38.5571,-121.4975,SACRAMENTO
95819,38.5709,-121.4358,SACRAMENTO
95820,38.5382,-121.4467,SACRAMENTO
95821,38.6278,-121.3843,SACRAMENTO
95822,38.5138,-121.4989,SACRAMENTO
95823,38.4742,-121.4431,SACRAMENTO
95824,38.5177,-121.4409,SACRAMENTO
95825,38.5898,-121.4064,SACRAMENTO
95826,38.5491,-121.3831,SACRAMENTO
95827,38.5558,-121.3242,SACRAMENTO
95828,38.4888,-121.4028,SACRAMENTO
95829,38.4908,-121.3349,SACRAMENTO
95830,38.4942,-121.2700,SACRAMENTO
95831,38.4916,-121.5313,SACRAMENTO
95832,38.4480,-121.4968,SACRAMENTO
95833,38.6131,-121.5146,SACRAMENTO
95834,38.6421,-121.5231,SACRAMENTO
95835,38.6707,-121.5256,SACRAMENTO
95836,38.7428,-121.5587,SACRAMENTO
95837,38.6961,-121.5961,SACRAMENTO
95838,38.6446,-121.4406,SACRAMENTO
95840,38.5817,-121.4936,SACRAMENTO
95841,38.6666,-121.3523,SACRAMENTO
95842,38.6823,-121.3494,SACRAMENTO
95843,38.7152,-121.3561,ANTELOPE
95851,38.5817,-121.4936,SACRAMENTO
95852,38.5817,-121.4936,SACRAMENTO
95853,38.5817,-121.4936,SACRAMENTO
95860,38.5817,-121.4936,SACRAMENTO
95864,38.5853,-121.3776,SACRAMENTO
95865,38.5817,-121.4936,SACRAMENTO
95866,38.5817,-121.4936,SACRAMENTO
95867,38.5817,-121.4936,SACRAMENTO
95894,38.5817,-121.4936,SACRAMENTO
95899,38.5817,-121.4936,SACRAMENTO
95901,39.1545,-121.4579,MARYSVILLE
95903,39.1110,-121.3676,BEALE AFB
95910,39.4851,-120.8326,ALLEGHANY
95912,39.0307,-122.0165,ARBUCKLE
95913,39.6398,-122.2071,ARTOIS
95914,39.4120,-121.3729,BANGOR
95915,39.9589,-121.2992,BELDEN
95916,39.7039,-121.3453,BERRY CREEK
95917,39.4239,-121.6978,BIGGS
95918,39.3005,-121.3270,BROWNS VALLEY
95919,39.4237,-121.2828,BROWNSVILLE
95920,39.4604,-121.9368,BUTTE CITY
95922,39.4813,-120.9487,CAMPTONVILLE
95923,40.1598,-121.1539,CANYON DAM
95924,39.1988,-121.0201,CEDAR RIDGE
95925,39.4594,-121.1876,CHALLENGE
95926,39.7432,-121.8397,CHICO
95927,39.7289,-121.8365,CHICO
95928,39.7111,-121.8105,CHICO
95929,39.7268,-121.8470,CHICO
95930,39.5666,-121.1462,CLIPPER MILLS
95932,39.2566,-122.0653,COLUSA
95934,40.0636,-120.9152,CRESCENT MILLS
95935,39.3718,-121.2077,DOBBINS
95936,39.6115,-120.8476,DOWNIEVILLE
95937,38.8404,-122.0785,DUNNIGAN
95938,39.6061,-121.8457,DURHAM
95939,39.5316,-122.6316,ELK CREEK
95940,39.5936,-121.2556,FEATHER FALLS
95941,39.5129,-121.2602,FORBESTOWN
95942,40.0408,-121.5395,FOREST RANCH
95943,39.5922,-122.0299,GLENN
95944,39.5461,-120.8034,GOODYEARS BAR
95945,39.2202,-120.9008,GRASS VALLEY
95946,39.1763,-121.2041,PENN VALLEY
95947,40.1892,-120.9095,GREENVILLE
95948,39.3546,-121.7625,GRIDLEY
95949,39.1108,-121.1263,GRASS VALLEY
95950,39.0510,-121.8941,GRIMES
95951,39.7319,-121.9900,HAMILTON CITY
95953,39.2427,-121.7594,LIVE OAK
95954,39.9274,-121.5457,MAGALIA
95955,39.3200,-122.1617,MAXWELL
95956,39.9023,-121.0075,MEADOW VALLEY
95957,39.0544,-121.7849,MERIDIAN
95958,39.6466,-121.7988,NELSON
95959,39.3505,-120.9180,NEVADA CITY
95960,39.4353,-120.9980,NORTH SAN JUAN
95961,39.0576,-121.5565,OLIVEHURST
95962,39.3200,-121.2394,OREGON HOUSE
95963,39.7115,-122.3773,ORLAND
95965,39.6510,-121.6443,OROVILLE
95966,39.4676,-121.4091,OROVILLE
95967,39.7464,-121.6363,PARADISE
95968,39.4348,-121.5522,PALERMO
95969,39.7261,-121.6549,PARADISE
95970,39.4074,-122.0731,PRINCETON
95971,39.9046,-121.0189,QUINCY
95972,39.4046,-121.3267,RACKERBY
95973,39.8642,-121.8697,CHICO
95974,39.4959,-121.7472,RICHVALE
95975,39.2259,-121.1502,ROUGH AND READY
95976,39.7286,-121.8367,CHICO
95977,39.1753,-121.2821,SMARTSVILLE
95978,39.9038,-121.5279,STIRLING CITY
95979,39.2714,-122.4973,STONYFORD
95980,39.9071,-121.3454,STORRIE
95981,39.6967,-121.0166,STRAWBERRY VALLEY
95982,39.2086,-121.8316,SUTTER
95983,40.0451,-120.7410,TAYLORSVILLE
95984,40.0312,-121.1187,TWAIN
95986,39.3390,-120.7911,WASHINGTON
95987,39.0999,-122.2708,WILLIAMS
95988,39.5448,-122.2664,WILLOWS
95991,39.0232,-121.6149,YUBA CITY
95992,39.1408,-121.6159,YUBA CITY
95993,39.0608,-121.7009,YUBA CITY
96001,40.6247,-122.4659,REDDING
96002,40.5286,-122.3174,REDDING
96003,40.6620,-122.2780,REDDING
96006,41.1539,-120.8977,ADIN
96007,40.4506,-122.3164,ANDERSON
96008,40.7201,-122.0871,BELLA VISTA
96009,41.0415,-121.1112,BIEBER
96010,40.8079,-123.1809,BIG BAR
96011,41.0534,-121.9349,BIG BEND
96013,40.9481,-121.6684,BURNEY
96014,41.3557,-122.7384,CALLAHAN
96015,41.4860,-120.9083,CANBY
96016,40.9052,-121.5112,CASSEL
96017,41.1022,-122.3284,CASTELLA
96019,40.6894,-122.3795,SHASTA LAKE
96020,40.3915,-121.2997,CHESTER
96021,39.9379,-122.2623,CORNING
96022,40.3382,-122.5169,COTTONWOOD
96023,41.9033,-122.0589,DORRIS
96024,40.5912,-122.8652,DOUGLAS CITY
96025,41.2192,-122.2599,DUNSMUIR
96027,41.4531,-122.8737,ETNA
96028,41.0509,-121.4961,FALL RIVER MILLS
96029,39.9225,-122.5043,FLOURNOY
96031,41.1831,-123.2363,FORKS OF SALMON
96032,41.6156,-122.9364,FORT JONES
96033,40.7100,-122.5828,FRENCH GULCH
96034,41.4463,-122.6498,GAZELLE
96035,40.0298,-122.1913,GERBER
96037,41.5273,-122.9618,GREENVIEW
96038,41.5858,-122.5402,GRENADA
96039,41.8353,-123.4069,HAPPY CAMP
96040,40.8471,-121.4452,HAT CREEK
96041,40.5146,-123.1304,HAYFORK
96044,41.9280,-122.5479,HORNBROOK
96046,40.6406,-123.4924,HYAMPOM
96047,40.4723,-122.7371,IGO
96048,40.8275,-123.0490,JUNCTION CITY
96049,40.5740,-122.3517,REDDING
96050,41.8742,-122.9329,KLAMATH RIVER
96051,40.9497,-122.3418,LAKEHEAD
96052,40.7245,-122.8273,LEWISTON
96054,41.3391,-120.9749,LOOKOUT
96055,40.0681,-122.0687,LOS MOLINOS
96056,41.0531,-121.2616,MCARTHUR
96057,41.2747,-121.9572,MCCLOUD
96058,41.7888,-121.8972,MACDOEL
96059,40.4362,-121.8435,MANTON
96061,40.3412,-121.4619,MILL CREEK
96062,40.5648,-122.0859,MILLVILLE
96063,40.3495,-121.5132,MINERAL
96064,41.7589,-122.3238,MONTAGUE
96065,40.9562,-122.0061,MONTGOMERY CREEK
96067,41.3590,-122.3474,MOUNT SHASTA
96068,41.0840,-121.1908,NUBIEBER
96069,40.7040,-121.9662,OAK RUN
96070,40.8189,-122.3234,OBRIEN
96071,40.6544,-121.4114,OLD STATION
96073,40.5681,-122.2126,PALO CEDRO
96074,39.8970,-122.6074,PASKENTA
96075,40.3665,-121.8399,PAYNES CREEK
96076,40.3682,-122.9299,PLATINA
96078,40.0819,-122.1717,PROBERTA
96079,40.6814,-122.3507,SHASTA LAKE
96080,40.1521,-122.4152,RED BLUFF
96084,40.9231,-122.0251,ROUND MOUNTAIN
96085,41.7801,-122.9817,SCOTT BAR
96086,41.8421,-123.2442,SEIAD VALLEY
96087,40.6114,-122.4997,SHASTA
96088,40.5180,-121.8576,SHINGLETOWN
96089,40.6873,-122.3997,SHASTA LAKE
96090,40.0216,-122.1289,TEHAMA
96091,41.1058,-122.7098,TRINITY CENTER
96092,39.9578,-122.0140,VINA
96093,40.7440,-122.9544,WEAVERVILLE
96094,41.4555,-122.4586,WEED
96095,40.6239,-122.5688,WHISKEYTOWN
96096,40.6457,-121.8399,WHITMORE
96097,41.7540,-122.6742,YREKA
96099,40.5864,-122.3906,REDDING
96101,41.5132,-120.5156,ALTURAS
96103,39.8005,-120.6948,BLAIRSDEN GRAEAGLE
96104,41.5126,-120.1292,CEDARVILLE
96105,39.7608,-120.1112,CHILCOOT
96106,39.7426,-120.5343,CLIO
96107,38.5487,-119.4777,COLEVILLE
96108,41.8099,-120.4105,DAVIS CREEK
96109,39.9230,-120.1447,DOYLE
96110,41.3002,-120.1126,EAGLEVILLE
96111,39.3973,-120.0509,FLORISTON
96112,41.8753,-120.1160,FORT BIDWELL
96113,40.2437,-120.2282,HERLONG
96114,40.1550,-120.5384,JANESVILLE
96115,41.7071,-120.1429,LAKE CITY
96116,41.2857,-120.4894,LIKELY
96117,40.4432,-120.3486,LITCHFIELD
96118,39.6706,-120.1589,LOYALTON
96119,41.0751,-120.5284,MADELINE
96120,38.7254,-119.8170,MARKLEEVILLE
96121,40.1803,-120.3949,MILFORD
96122,39.8383,-120.4984,PORTOLA
96123,40.9387,-120.1823,RAVENDALE
96124,39.6480,-120.4727,CALPINE
96125,39.5496,-120.6744,SIERRA CITY
96126,39.5768,-120.2190,SIERRAVILLE
96127,40.4168,-120.6553,SUSANVILLE
96128,40.3569,-120.3834,STANDISH
96129,39.8205,-120.3775,BECKWOURTH
96130,40.5563,-120.6779,SUSANVILLE
96132,40.8919,-120.5506,TERMO
96133,38.6467,-119.5316,TOPAZ
96134,41.7382,-121.4590,TULELAKE
96135,39.7233,-120.2250,VINTON
96136,40.3762,-120.2907,WENDEL
96137,40.2692,-121.0861,WESTWOOD
96140,39.2402,-120.1063,CARNELIAN BAY
96141,39.0673,-120.2361,HOMEWOOD
96142,39.0602,-120.1568,TAHOMA
96143,39.2693,-120.0434,KINGS BEACH
96145,39.1412,-120.1755,TAHOE CITY
96146,39.1934,-120.2227,OLYMPIC VALLEY
96148,39.2465,-120.0573,TAHOE VISTA
96150,38.8851,-120.0424,SOUTH LAKE TAHOE
96151,38.8831,-120.0719,SOUTH LAKE TAHOE
96152,38.9459,-119.9704,SOUTH LAKE TAHOE
96154,38.9459,-119.9704,SOUTH LAKE TAHOE
96155,38.8535,-120.0154,SOUTH LAKE TAHOE
96156,38.9467,-119.9676,SOUTH LAKE TAHOE
96157,38.9459,-119.9704,SOUTH LAKE TAHOE
96158,38.9459,-119.9704,SOUTH LAKE TAHOE
96160,39.3282,-120.1822,TRUCKEE
96161,39.3340,-120.1942,TRUCKEE
96162,39.3267,-120.3423,TRUCKEE
96200,0.0000,0.0000,DPO
96201,0.0000,0.0000,APO
96202,0.0000,0.0000,APO
96204,0.0000,0.0000,APO
96205,0.0000,0.0000,APO
96206,0.0000,0.0000,APO
96208,0.0000,0.0000,APO
96209,0.0000,0.0000,DPO
96210,0.0000,0.0000,DPO
96212,0.0000,0.0000,FPO
96213,0.0000,0.0000,APO
96214,0.0000,0.0000,APO
96215,0.0000,0.0000,FPO
96218,0.0000,0.0000,APO
96224,0.0000,0.0000,APO
96251,0.0000,0.0000,APO
96257,0.0000,0.0000,APO
96260,0.0000,0.0000,APO
96262,0.0000,0.0000,APO
96264,0.0000,0.0000,APO
96266,0.0000,0.0000,APO
96269,0.0000,0.0000,FPO
96271,0.0000,0.0000,APO
96273,0.0000,0.0000,APO
96276,0.0000,0.0000,APO
96278,0.0000,0.0000,APO
96283,0.0000,0.0000,APO
96284,0.0000,0.0000,APO
96297,0.0000,0.0000,APO
96301,0.0000,0.0000,APO
96303,0.0000,0.0000,DPO
96306,0.0000,0.0000,FPO
96309,0.0000,0.0000,APO
96310,0.0000,0.0000,FPO
96311,0.0000,0.0000,FPO
96315,0.0000,0.0000,FPO
96319,0.0000,0.0000,APO
96321,0.0000,0.0000,FPO
96322,0.0000,0.0000,FPO
96326,0.0000,0.0000,APO
96328,0.0000,0.0000,APO
96331,0.0000,0.0000,APO
96336,0.0000,0.0000,APO
96337,0.0000,0.0000,APO
96338,0.0000,0.0000,APO
96339,0.0000,0.0000,APO
96346,0.0000,0.0000,FPO
96347,0.0000,0.0000,FPO
96349,0.0000,0.0000,FPO
96350,0.0000,0.0000,FPO
96351,0.0000,0.0000,FPO
96362,0.0000,0.0000,FPO
96365,0.0000,0.0000,APO
96367,0.0000,0.0000,APO
96368,0.0000,0.0000,APO
96370,0.0000,0.0000,FPO
96371,0.0000,0.0000,FPO
96373,0.0000,0.0000,FPO
96374,0.0000,0.0000,APO
96375,0.0000,0.0000,FPO
96376,0.0000,0.0000,APO
96377,0.0000,0.0000,FPO
96378,0.0000,0.0000,APO
96379,0.0000,0.0000,FPO
96382,0.0000,0.0000,FPO
96384,0.0000,0.0000,FPO
96386,0.0000,0.0000,FPO
96387,0.0000,0.0000,FPO
96388,0.0000,0.0000,FPO
96400,0.0000,0.0000,APO
96401,0.0000,0.0000,APO
96500,0.0000,0.0000,APO
96502,0.0000,0.0000,APO
96503,0.0000,0.0000,APO
96504,0.0000,0.0000,DPO
96505,0.0000,0.0000,DPO
96506,0.0000,0.0000,APO
96507,0.0000,0.0000,DPO
96508,0.0000,0.0000,APO
96509,0.0000,0.0000,APO
96510,0.0000,0.0000,APO
96511,0.0000,0.0000,FPO
96512,0.0000,0.0000,APO
96515,0.0000,0.0000,DPO
96516,0.0000,0.0000,FPO
96517,0.0000,0.0000,FPO
96520,0.0000,0.0000,DPO
96521,0.0000,0.0000,DPO
96530,0.0000,0.0000,DPO
96531,0.0000,0.0000,FPO
96532,0.0000,0.0000,DPO
96534,0.0000,0.0000,FPO
96535,0.0000,0.0000,DPO
96537,0.0000,0.0000,FPO
96539,0.0000,0.0000,APO
96540,0.0000,0.0000,FPO
96542,0.0000,0.0000,FPO
96543,0.0000,0.0000,FPO
96548,0.0000,0.0000,APO
96549,0.0000,0.0000,DPO
96550,0.0000,0.0000,APO
96551,0.0000,0.0000,DPO
96552,0.0000,0.0000,APO
96553,0.0000,0.0000,APO
96554,0.0000,0.0000,DPO
96555,0.0000,0.0000,APO
96557,0.0000,0.0000,APO
96562,0.0000,0.0000,DPO
96577,0.0000,0.0000,APO
96578,0.0000,0.0000,FPO
96579,0.0000,0.0000,FPO
96595,0.0000,0.0000,FPO
96598,0.0000,0.0000,APO
96599,0.0000,0.0000,APO
96601,0.0000,0.0000,FPO
96602,0.0000,0.0000,FPO
96603,0.0000,0.0000,FPO
96604,0.0000,0.0000,FPO
96605,0.0000,0.0000,FPO
96607,0.0000,0.0000,FPO
96610,0.0000,0.0000,FPO
96611,0.0000,0.0000,FPO
96612,0.0000,0.0000,FPO
96613,0.0000,0.0000,FPO
96615,0.0000,0.0000,FPO
96616,0.0000,0.0000,FPO
96619,0.0000,0.0000,FPO
96620,0.0000,0.0000,FPO
96628,0.0000,0.0000,FPO
96629,0.0000,0.0000,FPO
96632,0.0000,0.0000,FPO
96633,0.0000,0.0000,APO
96641,0.0000,0.0000,APO
96642,0.0000,0.0000,APO
96643,0.0000,0.0000,FPO
96644,0.0000,0.0000,APO
96645,0.0000,0.0000,APO
96649,0.0000,0.0000,FPO
96650,0.0000,0.0000,FPO
96657,0.0000,0.0000,FPO
96660,0.0000,0.0000,FPO
96661,0.0000,0.0000,FPO
96662,0.0000,0.0000,FPO
96663,0.0000,0.0000,FPO
96664,0.0000,0.0000,FPO
96665,0.0000,0.0000,FPO
96666,0.0000,0.0000,FPO
96667,0.0000,0.0000,FPO
96668,0.0000,0.0000,FPO
96669,0.0000,0.0000,FPO
96670,0.0000,0.0000,FPO
96671,0.0000,0.0000,FPO
96672,0.0000,0.0000,FPO
96673,0.0000,0.0000,FPO
96674,0.0000,0.0000,FPO
96675,0.0000,0.0000,FPO
96677,0.0000,0.0000,FPO
96678,0.0000,0.0000,FPO
96679,0.0000,0.0000,FPO
96681,0.0000,0.0000,FPO
96682,0.0000,0.0000,FPO
96683,0.0000,0.0000,FPO
96686,0.0000,0.0000,FPO
96691,0.0000,0.0000,FPO
96692,0.0000,0.0000,FPO
96693,0.0000,0.0000,FPO
96694,0.0000,0.0000,FPO
96695,0.0000,0.0000,FPO
96696,0.0000,0.0000,FPO
96698,0.0000,0.0000,FPO
96701,21.3963,-157.8964,AIEA
96703,22.1649,-159.3510,ANAHOLA
96704,19.3149,-155.7833,CAPTAIN COOK
96705,21.9061,-159.5465,ELEELE
96706,21.3399,-158.0131,EWA BEACH
96707,21.3743,-158.0810,KAPOLEI
96708,20.8551,-156.2668,HAIKU
96709,21.3214,-158.0073,KAPOLEI
96710,19.8516,-155.2270,HAKALAU
96712,21.6054,-158.0191,HALEIWA
96713,20.7181,-156.0646,HANA
96714,22.2069,-159.4622,HANALEI
96715,21.9976,-159.3573,HANAMAULU
96716,22.0260,-159.5828,HANAPEPE
96717,21.5669,-157.9073,HAUULA
96718,19.3688,-155.3309,HAWAII NATIONAL PARK
96719,20.2037,-155.8575,HAWI
96720,19.6829,-155.2732,HILO
96721,19.7297,-155.0901,HILO
96722,22.1920,-159.4578,PRINCEVILLE
96725,19.6286,-155.8831,HOLUALOA
96726,19.4163,-155.9081,HONAUNAU
96727,20.0648,-155.5527,HONOKAA
96728,19.8627,-155.1349,HONOMU
96729,21.1448,-157.1239,HOOLEHUA
96730,21.5462,-157.8512,KAAAWA
96731,21.6615,-157.9766,KAHUKU
96732,20.8759,-156.4558,KAHULUI
96733,20.8944,-156.4700,KAHULUI
96734,21.3961,-157.7447,KAILUA
96737,19.0749,-155.7547,OCEAN VIEW
96738,19.9353,-155.8137,WAIKOLOA
96739,19.5729,-155.9544,KEAUHOU
96740,19.7489,-155.8621,KAILUA KONA
96741,21.9692,-159.5109,KALAHEO
96742,21.1707,-156.9538,KALAUPAPA
96743,20.0043,-155.7096,KAMUELA
96744,21.4496,-157.8276,KANEOHE
96745,19.6484,-155.9968,KAILUA KONA
96746,22.1223,-159.3954,KAPAA
96747,21.9164,-159.6210,KAUMAKANI
96748,21.1117,-156.9007,KAUNAKAKAI
96749,19.6282,-155.0019,KEAAU
96750,19.5225,-155.9296,KEALAKEKUA
96751,22.1090,-159.3190,KEALIA
96752,22.0263,-159.7262,KEKAHA
96753,20.7365,-156.4406,KIHEI
96754,22.2027,-159.3998,KILAUEA
96755,20.1731,-155.7961,KAPAAU
96756,21.9105,-159.4483,KOLOA
96757,21.1563,-156.9921,KUALAPUU
96759,21.4303,-158.0801,KUNIA
96760,19.5545,-155.0513,KURTISTOWN
96761,20.9029,-156.6185,LAHAINA
96762,21.6236,-157.9395,LAIE
96763,20.8307,-156.9340,LANAI CITY
96764,19.9340,-155.2674,LAUPAHOEHOE
96765,21.9217,-159.5096,LAWAI
96766,21.9855,-159.4177,LIHUE
96767,20.8786,-156.6825,LAHAINA
96768,20.8448,-156.3248,MAKAWAO
96769,21.9030,-160.1040,MAKAWELI
96770,21.1538,-157.2065,MAUNALOA
96771,19.5300,-155.0991,MOUNTAIN VIEW
96772,19.0735,-155.6973,NAALEHU
96773,19.8770,-155.2215,NINOLE
96774,19.9914,-155.2694,OOKALA
96776,19.7848,-155.5043,PAAUILO
96777,19.2976,-155.5432,PAHALA
96778,19.4368,-155.0223,PAHOA
96779,20.9029,-156.3827,PAIA
96780,19.8877,-155.2409,PAPAALOA
96781,19.7944,-155.1139,PAPAIKOU
96782,21.4369,-157.9456,PEARL CITY
96783,19.8349,-155.1080,PEPEEKEO
96784,20.8638,-156.4531,PUUNENE
96785,19.4962,-155.2175,VOLCANO
96786,21.5058,-158.0233,WAHIAWA
96788,20.8364,-156.3368,PUKALANI
96789,21.4602,-158.0130,MILILANI
96790,20.6687,-156.4170,KULA
96791,21.5516,-158.1729,WAIALUA
96792,21.4657,-158.1538,WAIANAE
96793,20.9030,-156.5449,WAILUKU
96795,21.3437,-157.7042,WAIMANALO
96796,22.0573,-159.6949,WAIMEA
96797,21.4149,-158.0329,WAIPAHU
96799,-14.2731,-170.7031,PAGO PAGO
96801,21.3069,-157.8584,HONOLULU
96802,21.3069,-157.8584,HONOLULU
96803,21.3069,-157.8584,HONOLULU
96804,21.3069,-157.8584,HONOLULU
96805,21.3069,-157.8584,HONOLULU
96806,21.3069,-157.8584,HONOLULU
96807,21.3069,-157.8584,HONOLULU
96808,21.3069,-157.8584,HONOLULU
96809,21.3069,-157.8584,HONOLULU
96810,21.3069,-157.8584,HONOLULU
96811,21.3069,-157.8584,HONOLULU
96812,21.3069,-157.8584,HONOLULU
96813,21.3286,-157.8286,HONOLULU
96814,21.2939,-157.8467,HONOLULU
96815,21.2720,-157.8214,HONOLULU
96816,21.2954,-157.7892,HONOLULU
96817,21.3388,-157.8374,HONOLULU
96818,21.3456,-157.9323,HONOLULU
96819,21.3500,-157.8797,HONOLULU
96820,21.3085,-157.8617,HONOLULU
96821,21.2998,-157.7517,HONOLULU
96822,21.3222,-157.8141,HONOLULU
96823,21.3069,-157.8584,HONOLULU
96824,21.3069,-157.8584,HONOLULU
96825,21.2906,-157.6859,HONOLULU
96826,21.2919,-157.8245,HONOLULU
96828,21.3069,-157.8584,HONOLULU
96830,21.3069,-157.8584,HONOLULU
96836,21.3069,-157.8584,HONOLULU
96837,21.3069,-157.8584,HONOLULU
96838,21.3069,-157.8584,HONOLULU
96839,21.3069,-157.8584,HONOLULU
96840,21.3069,-157.8584,HONOLULU
96841,21.3069,-157.8584,HONOLULU
96843,21.3063,-157.8532,HONOLULU
96844,21.2984,-157.8178,HONOLULU
96846,21.3069,-157.8584,HONOLULU
96847,21.3069,-157.8584,HONOLULU
96848,21.3011,-157.8135,HONOLULU
96849,21.3069,-157.8584,HONOLULU
96850,21.3036,-157.8625,HONOLULU
96853,21.3297,-157.9475,JBPHH
96854,21.4859,-158.0365,WHEELER ARMY AIRFIELD
96857,21.4869,-158.0492,SCHOFIELD BARRACKS
96858,21.3429,-157.8892,FORT SHAFTER
96859,21.3605,-157.8910,TRIPLER ARMY MEDICAL CENTER
96860,21.3629,-157.9633,JBPHH
96861,21.3874,-157.9044,CAMP H M SMITH
96863,21.4508,-157.7684,MCBH KANEOHE BAY
96898,21.3232,-157.8912,WAKE ISLAND
96898,21.3232,-157.8912,CROSS STATE
96910,13.4762,144.7516,HAGATNA
96912,13.5156,144.8364,DEDEDO
96913,13.4686,144.7989,BARRIGADA
96915,13.3862,144.6689,SANTA RITA
96916,13.2635,144.6697,MERIZO
96917,13.4443,144.7863,INARAJAN
96921,13.4686,144.7989,BARRIGADA
96923,13.4391,144.7976,MANGILAO
96928,13.3815,144.6544,AGAT
96929,13.5346,144.8858,YIGO
96931,13.4839,144.7769,TAMUNING
96932,13.4744,144.7478,HAGATNA
96939,0.0000,0.0000,NGERULMUD
96940,7.5002,134.5003,KOROR
96941,0.0000,0.0000,POHNPEI
96942,0.0000,0.0000,CHUUK
96943,0.0000,0.0000,YAP
96944,0.0000,0.0000,KOSRAE
96950,15.1818,145.7511,SAIPAN
96951,14.1524,145.2131,ROTA
96952,15.0114,145.6344,TINIAN
96960,7.0801,-171.1569,MAJURO
96970,0.0000,0.0000,EBEYE
97001,44.9229,-120.7312,ANTELOPE
97002,45.2389,-122.8056,AURORA
97003,45.5035,-122.8654,BEAVERTON
97004,45.2456,-122.4613,BEAVERCREEK
97005,45.4965,-122.7999,BEAVERTON
97006,45.5222,-122.8592,BEAVERTON
97007,45.4462,-122.8823,BEAVERTON
97008,45.4575,-122.7977,BEAVERTON
97009,45.4166,-122.3379,BORING
97010,45.5792,-122.1177,BRIDAL VEIL
97011,45.3712,-122.0169,BRIGHTWOOD
97013,45.2165,-122.6608,CANBY
97014,45.6096,-121.8423,CASCADE LOCKS
97015,45.4114,-122.5273,CLACKAMAS
97016,46.0528,-123.3007,CLATSKANIE
97017,45.1478,-122.3660,COLTON
97018,45.8950,-122.8145,COLUMBIA CITY
97019,45.5079,-122.1836,CORBETT
97020,45.2220,-122.8390,DONALD
97021,45.3968,-121.1537,DUFUR
97022,45.3482,-122.3169,EAGLE CREEK
97023,45.2090,-122.2131,ESTACADA
97024,45.5445,-122.4394,FAIRVIEW
97026,45.1152,-122.9381,GERVAIS
97027,45.3883,-122.5975,GLADSTONE
97028,45.2891,-121.7973,GOVERNMENT CAMP
97029,45.3012,-120.7985,GRASS VALLEY
97030,45.5082,-122.4303,GRESHAM
97031,45.5636,-121.6600,HOOD RIVER
97032,45.1788,-122.7934,HUBBARD
97033,45.1736,-120.5588,KENT
97034,45.4108,-122.6795,LAKE OSWEGO
97035,45.4114,-122.7241,LAKE OSWEGO
97036,45.3962,-122.6491,MARYLHURST
97037,45.0430,-121.3974,MAUPIN
97038,45.0432,-122.4530,MOLALLA
97039,45.4249,-120.5734,MORO
97040,45.6391,-121.3771,MOSIER
97041,45.4203,-121.6188,MOUNT HOOD PARKDALE
97042,45.2101,-122.5373,MULINO
97044,45.5720,-121.4812,ODELL
97045,45.3236,-122.5232,OREGON CITY
97048,46.0532,-122.9713,RAINIER
97049,45.3846,-121.8697,RHODODENDRON
97050,45.6609,-120.6867,RUFUS
97051,45.8699,-122.8923,SAINT HELENS
97053,45.8237,-122.8724,WARREN
97054,45.9356,-122.9236,DEER ISLAND
97055,45.3617,-122.1659,SANDY
97056,45.7996,-122.9738,SCAPPOOSE
97057,45.0803,-120.7597,SHANIKO
97058,45.5542,-121.1870,THE DALLES
97060,45.5289,-122.3600,TROUTDALE
97062,45.3653,-122.7602,TUALATIN
97063,45.2021,-121.3734,TYGH VALLEY
97064,45.8884,-123.1731,VERNONIA
97065,45.6134,-120.7095,WASCO
97067,45.3170,-121.9800,WELCHES
97068,45.3412,-122.6624,WEST LINN
97070,45.3085,-122.7794,WILSONVILLE
97071,45.1406,-122.8443,WOODBURN
97075,45.4875,-122.8026,BEAVERTON
97076,45.4875,-122.8026,BEAVERTON
97077,45.4875,-122.8026,BEAVERTON
97078,45.4746,-122.8939,BEAVERTON
97079,45.4614,-122.7900,BEAVERTON
97080,45.4707,-122.3792,GRESHAM
97086,45.4432,-122.5325,HAPPY VALLEY
97089,45.4217,-122.4399,DAMASCUS
97101,45.1021,-123.2333,AMITY
97102,45.7958,-123.9440,ARCH CAPE
97103,46.1103,-123.6799,ASTORIA
97106,45.6682,-123.1354,BANKS
97107,45.5739,-123.8569,BAY CITY
97108,45.2888,-123.7286,BEAVER
97109,45.7319,-123.2120,BUXTON
97110,45.8913,-123.9540,CANNON BEACH
97111,45.2933,-123.2250,CARLTON
97112,45.2503,-123.8616,CLOVERDALE
97113,45.5195,-123.0453,CORNELIUS
97114,45.2099,-123.0764,DAYTON
97115,45.2655,-123.0214,DUNDEE
97116,45.5582,-123.1491,FOREST GROVE
97117,45.6059,-123.2885,GALES CREEK
97118,45.5637,-123.9088,GARIBALDI
97119,45.4780,-123.2705,GASTON
97121,46.2095,-123.9668,HAMMOND
97122,45.1693,-123.8123,HEBO
97123,45.4444,-122.9889,HILLSBORO
97124,45.5685,-122.9475,HILLSBORO
97125,45.6641,-123.2037,MANNING
97127,45.2464,-123.1112,LAFAYETTE
97128,45.1832,-123.2636,MCMINNVILLE
97129,45.5428,-122.9299,HILLSBORO
97130,45.7181,-123.9352,MANZANITA
97131,45.6693,-123.6806,NEHALEM
97132,45.3224,-122.9829,NEWBERG
97133,45.6804,-123.0389,NORTH PLAINS
97134,45.4616,-123.9684,OCEANSIDE
97135,45.1982,-123.9494,PACIFIC CITY
97136,45.6247,-123.9141,ROCKAWAY BEACH
97137,45.2064,-122.9664,SAINT PAUL
97138,45.9582,-123.6762,SEASIDE
97140,45.3594,-122.8641,SHERWOOD
97141,45.4729,-123.6395,TILLAMOOK
97143,45.4411,-123.9460,NETARTS
97144,45.7302,-123.3323,TIMBER
97145,45.8813,-123.9498,TOLOVANA PARK
97146,46.1258,-123.9102,WARRENTON
97147,45.6835,-123.8884,WHEELER
97148,45.3549,-123.2720,YAMHILL
97149,45.0977,-123.9310,NESKOWIN
97201,45.5074,-122.6898,PORTLAND
97202,45.4803,-122.6451,PORTLAND
97203,45.6111,-122.7413,PORTLAND
97204,45.5182,-122.6742,PORTLAND
97205,45.5174,-122.7033,PORTLAND
97206,45.4799,-122.6006,PORTLAND
97207,45.5239,-122.6751,PORTLAND
97208,45.5239,-122.6751,PORTLAND
97209,45.5335,-122.6815,PORTLAND
97210,45.5515,-122.7351,PORTLAND
97211,45.5773,-122.6416,PORTLAND
97212,45.5442,-122.6431,PORTLAND
97213,45.5378,-122.6008,PORTLAND
97214,45.5139,-122.6441,PORTLAND
97215,45.5140,-122.5994,PORTLAND
97216,45.5134,-122.5583,PORTLAND
97217,45.5896,-122.6930,PORTLAND
97218,45.5809,-122.6003,PORTLAND
97219,45.4510,-122.6950,PORTLAND
97220,45.5519,-122.5553,PORTLAND
97221,45.4983,-122.7278,PORTLAND
97222,45.4422,-122.6186,PORTLAND
97223,45.4402,-122.7787,PORTLAND
97224,45.4053,-122.7986,PORTLAND
97225,45.5005,-122.7792,PORTLAND
97227,45.5403,-122.6770,PORTLAND
97228,45.5239,-122.6751,PORTLAND
97229,45.5544,-122.8113,PORTLAND
97230,45.5624,-122.5017,PORTLAND
97231,45.7121,-122.8400,PORTLAND
97232,45.5296,-122.6439,PORTLAND
97233,45.5138,-122.4964,PORTLAND
97236,45.4826,-122.5023,PORTLAND
97238,45.5239,-122.6751,PORTLAND
97239,45.4880,-122.6927,PORTLAND
97240,45.5239,-122.6751,PORTLAND
97242,45.5239,-122.6751,PORTLAND
97250,45.5689,-122.5631,PORTLAND
97251,45.5239,-122.6751,PORTLAND
97252,45.5698,-122.5641,PORTLAND
97253,45.5239,-122.6751,PORTLAND
97254,45.5239,-122.6751,PORTLAND
97256,45.5239,-122.6751,PORTLAND
97266,45.4817,-122.5574,PORTLAND
97267,45.4018,-122.6146,PORTLAND
97268,45.4166,-122.6386,PORTLAND
97269,45.4465,-122.6382,PORTLAND
97280,45.5239,-122.6751,PORTLAND
97281,45.4667,-122.7484,PORTLAND
97282,45.5239,-122.6751,PORTLAND
97283,45.5239,-122.6751,PORTLAND
97286,45.5239,-122.6751,PORTLAND
97290,45.5239,-122.6751,PORTLAND
97291,45.5251,-122.8097,PORTLAND
97292,45.5239,-122.6751,PORTLAND
97293,45.5239,-122.6751,PORTLAND
97294,45.5239,-122.6751,PORTLAND
97296,45.5239,-122.6751,PORTLAND
97298,45.4917,-122.7740,PORTLAND
97301,44.9586,-123.0026,SALEM
97302,44.9032,-123.0665,SALEM
97303,45.0261,-123.0175,SALEM
97304,45.0279,-123.1002,SALEM
97305,45.0230,-122.9138,SALEM
97306,44.8431,-123.0898,SALEM
97307,44.9903,-123.0251,KEIZER
97308,44.9431,-123.0336,SALEM
97309,44.9431,-123.0336,SALEM
97310,44.9303,-123.0078,SALEM
97311,44.9431,-123.0336,SALEM
97312,44.9362,-123.0380,SALEM
97314,44.9431,-123.0336,SALEM
97317,44.9015,-122.9056,SALEM
97321,44.6334,-123.1396,ALBANY
97322,44.6382,-123.0187,ALBANY
97324,44.3300,-123.6207,ALSEA
97325,44.8199,-122.8643,AUMSVILLE
97326,44.6435,-123.5823,BLODGETT
97327,44.3370,-122.9403,BROWNSVILLE
97329,44.4333,-122.4759,CASCADIA
97330,44.6420,-123.2759,CORVALLIS
97331,44.5644,-123.2800,CORVALLIS
97333,44.4751,-123.3291,CORVALLIS
97335,44.6343,-122.8939,CRABTREE
97336,44.3578,-122.8517,CRAWFORDSVILLE
97338,44.9231,-123.3514,DALLAS
97339,44.5649,-123.2608,CORVALLIS
97341,44.8059,-124.0481,DEPOE BAY
97342,44.7908,-122.0714,DETROIT
97343,44.5622,-123.7360,EDDYVILLE
97344,44.8589,-123.5724,FALLS CITY
97345,44.4391,-122.5169,FOSTER
97346,44.7336,-122.2771,GATES
97347,45.0974,-123.6756,GRAND RONDE
97348,44.4046,-123.1267,HALSEY
97350,44.6877,-121.9320,IDANHA
97351,44.8269,-123.1602,INDEPENDENCE
97352,44.7490,-123.0258,JEFFERSON
97355,44.5128,-122.7863,LEBANON
97357,44.7678,-123.7954,LOGSDEN
97358,44.8293,-122.3978,LYONS
97360,44.7437,-122.4873,MILL CITY
97361,44.7852,-123.3543,MONMOUTH
97362,45.0663,-122.7693,MOUNT ANGEL
97364,44.9985,-123.9865,NEOTSU
97365,44.6704,-124.0132,NEWPORT
97366,44.5733,-124.0515,SOUTH BEACH
97367,44.9320,-123.8831,LINCOLN CITY
97368,45.0082,-123.9072,OTIS
97369,44.7473,-124.0605,OTTER ROCK
97370,44.5961,-123.4587,PHILOMATH
97371,44.9955,-123.2000,RICKREALL
97373,45.0489,-122.7594,SAINT BENEDICT
97374,44.6769,-122.7351,SCIO
97375,44.9818,-122.5840,SCOTTS MILLS
97376,44.5055,-123.9600,SEAL ROCK
97377,44.4531,-123.1042,SHEDD
97378,45.1270,-123.4457,SHERIDAN
97380,44.8056,-123.8800,SILETZ
97381,44.9458,-122.6435,SILVERTON
97383,44.8017,-122.7387,STAYTON
97384,44.7905,-122.6181,MEHAMA
97385,44.8646,-122.7477,SUBLIMITY
97386,44.3384,-122.6155,SWEET HOME
97388,44.8800,-124.0218,GLENEDEN BEACH
97389,44.5363,-123.0891,TANGENT
97390,44.3408,-123.8546,TIDEWATER
97391,44.6157,-123.9190,TOLEDO
97392,44.7888,-122.9421,TURNER
97394,44.4258,-124.0270,WALDPORT
97396,45.0977,-123.5578,WILLAMINA
97401,44.0672,-123.0827,EUGENE
97402,44.0281,-123.2485,EUGENE
97403,44.0359,-123.0519,EUGENE
97404,44.1034,-123.1339,EUGENE
97405,43.9507,-123.1676,EUGENE
97406,42.6126,-124.0090,AGNESS
97407,43.4266,-124.0316,ALLEGANY
97408,44.1408,-123.0814,EUGENE
97409,44.1269,-123.2609,ALVADORE
97410,42.8281,-123.1168,AZALEA
97411,43.1045,-124.3541,BANDON
97412,44.2050,-123.5559,BLACHLY
97413,44.2860,-122.1090,BLUE RIVER
97414,43.0025,-124.1283,BROADBENT
97415,42.1320,-124.1159,BROOKINGS
97416,42.9972,-123.6943,CAMAS VALLEY
97417,42.9366,-123.2348,CANYONVILLE
97419,44.1796,-123.3667,CHESHIRE
97420,43.3596,-124.1316,COOS BAY
97423,43.1500,-124.1920,COQUILLE
97424,43.6948,-122.9761,COTTAGE GROVE
97426,43.9012,-123.0385,CRESWELL
97429,42.9974,-123.0497,DAYS CREEK
97430,44.1685,-123.7504,DEADWOOD
97431,43.8537,-122.8121,DEXTER
97432,43.1049,-123.4264,DILLARD
97434,43.7399,-122.9098,DORENA
97435,43.7482,-123.4170,DRAIN
97436,43.6538,-123.5930,ELKTON
97437,44.0963,-123.3781,ELMIRA
97438,43.9415,-122.6911,FALL CREEK
97439,44.0704,-124.0123,FLORENCE
97440,44.0525,-123.0858,EUGENE
97441,43.7681,-124.1479,GARDINER
97442,42.7858,-123.4262,GLENDALE
97443,43.2467,-122.7673,GLIDE
97444,42.4881,-124.3541,GOLD BEACH
97446,44.2747,-123.0879,HARRISBURG
97447,43.2943,-122.5276,IDLEYLD PARK
97448,44.2189,-123.2907,JUNCTION CITY
97449,43.5711,-124.0809,LAKESIDE
97450,42.9065,-124.3745,LANGLOIS
97451,43.8446,-123.2926,LORANE
97452,43.8730,-122.7022,LOWELL
97453,43.9876,-123.8480,MAPLETON
97454,44.2018,-122.7407,MARCOLA
97455,43.9438,-122.9096,PLEASANT HILL
97456,44.3430,-123.3469,MONROE
97457,43.0621,-123.1904,MYRTLE CREEK
97458,43.0873,-123.9866,MYRTLE POINT
97459,43.4889,-124.1740,NORTH BEND
97461,44.1395,-123.5145,NOTI
97462,43.4926,-123.3997,OAKLAND
97463,43.6871,-122.2342,OAKRIDGE
97464,42.5633,-124.3842,OPHIR
97465,42.7341,-124.3797,PORT ORFORD
97466,42.8253,-124.0095,POWERS
97467,43.6742,-124.0411,REEDSPORT
97469,42.9113,-123.3816,RIDDLE
97470,43.2343,-123.2275,ROSEBURG
97471,43.2177,-123.5794,ROSEBURG
97473,43.6898,-123.7678,SCOTTSBURG
97475,44.0778,-123.0436,SPRINGFIELD
97476,42.8319,-124.3260,SIXES
97477,44.0570,-123.0064,SPRINGFIELD
97478,44.0865,-122.8093,SPRINGFIELD
97479,43.4155,-123.1285,SUTHERLIN
97480,44.1288,-123.8117,SWISSHOME
97481,43.1236,-123.5576,TENMILE
97484,42.9592,-122.8415,TILLER
97486,43.3867,-123.6357,UMPQUA
97487,43.9592,-123.4444,VENETA
97488,44.1564,-122.4531,VIDA
97489,44.1398,-122.6424,WALTERVILLE
97490,43.9858,-123.6263,WALTON
97491,42.4295,-124.4161,WEDDERBURN
97492,43.7594,-122.5180,WESTFIR
97493,43.9223,-124.0231,WESTLAKE
97494,43.3188,-123.3405,WILBUR
97495,43.2832,-123.3479,WINCHESTER
97496,43.0360,-123.5061,WINSTON
97497,42.6495,-123.3843,WOLF CREEK
97498,44.3229,-124.0308,YACHATS
97499,43.5770,-123.2548,YONCALLA
97501,42.2569,-122.8968,MEDFORD
97502,42.4195,-122.9336,CENTRAL POINT
97503,42.5440,-122.9006,WHITE CITY
97504,42.3228,-122.7934,MEDFORD
97520,42.2003,-122.6382,ASHLAND
97522,42.5636,-122.4530,BUTTE FALLS
97523,42.1126,-123.5831,CAVE JUNCTION
97524,42.4751,-122.6289,EAGLE POINT
97525,42.4363,-123.0929,GOLD HILL
97526,42.5120,-123.3426,GRANTS PASS
97527,42.4077,-123.3972,GRANTS PASS
97528,42.4606,-123.3463,GRANTS PASS
97530,42.1792,-123.0389,JACKSONVILLE
97531,42.2084,-123.6430,KERBY
97532,42.5634,-123.5504,MERLIN
97533,42.3481,-123.3312,MURPHY
97534,42.0608,-123.7277,O BRIEN
97535,42.2682,-122.8134,PHOENIX
97536,42.8072,-122.4844,PROSPECT
97537,42.5947,-123.0875,ROGUE RIVER
97538,42.3592,-123.6978,SELMA
97539,42.5999,-122.7587,SHADY COVE
97540,42.1950,-122.8109,TALENT
97541,42.7516,-122.7827,TRAIL
97543,42.3834,-123.6180,WILDERVILLE
97544,42.1690,-123.3269,WILLIAMS
97601,42.3254,-121.9366,KLAMATH FALLS
97602,42.2251,-121.7796,KLAMATH FALLS
97603,42.1295,-121.6986,KLAMATH FALLS
97604,42.9283,-122.1250,CRATER LAKE
97620,42.2491,-119.8074,ADEL
97621,42.4242,-121.1860,BEATTY
97622,42.3319,-121.0061,BLY
97623,42.1951,-121.2434,BONANZA
97624,42.7360,-121.5424,CHILOQUIN
97625,42.3602,-121.6192,DAIRY
97626,42.6437,-122.0354,FORT KLAMATH
97627,42.1205,-122.0635,KENO
97630,42.2344,-120.5558,LAKEVIEW
97632,42.0307,-121.4324,MALIN
97633,42.0452,-121.5705,MERRILL
97634,42.1305,-121.8182,MIDLAND
97635,42.0169,-120.3511,NEW PINE CREEK
97635,42.0169,-120.3511,CROSS STATE
97636,42.6109,-120.5590,PAISLEY
97637,42.6228,-119.9209,PLUSH
97638,43.1520,-121.0270,SILVER LAKE
97639,42.4466,-121.4834,SPRAGUE RIVER
97640,42.8765,-120.6318,SUMMER LAKE
97641,43.2516,-120.5960,CHRISTMAS VALLEY
97701,44.0868,-121.2574,BEND
97702,43.9722,-121.2565,BEND
97703,44.0636,-121.5256,BEND
97707,43.8500,-121.4880,BEND
97708,44.0586,-121.3142,BEND
97709,44.0586,-121.3142,BEND
97710,42.1714,-118.6589,FIELDS
97711,44.6911,-120.6542,ASHWOOD
97712,43.7267,-120.4194,BROTHERS
97720,43.5285,-118.7600,BURNS
97721,42.8577,-118.2898,PRINCETON
97722,42.9746,-118.6713,DIAMOND
97730,44.4968,-121.6430,CAMP SHERMAN
97731,43.0214,-121.8159,CHEMULT
97732,43.4332,-118.4086,CRANE
97733,43.4862,-121.8765,CRESCENT
97734,44.5058,-121.2115,CULVER
97735,43.4541,-121.0709,FORT ROCK
97736,42.7200,-119.1182,FRENCHGLEN
97737,43.4799,-121.6656,GILCHRIST
97738,43.6443,-119.2902,HINES
97739,43.6864,-121.4496,LA PINE
97741,44.6503,-121.0563,MADRAS
97750,44.6017,-120.0200,MITCHELL
97751,44.1583,-119.8997,PAULINA
97752,44.1688,-120.2816,POST
97753,44.2379,-121.0002,POWELL BUTTE
97754,44.2402,-120.6049,PRINEVILLE
97756,44.2738,-121.2605,REDMOND
97758,43.2423,-119.5669,RILEY
97759,44.2913,-121.5687,SISTERS
97760,44.3910,-121.2294,TERREBONNE
97761,44.6970,-121.4539,WARM SPRINGS
97801,45.6172,-118.7409,PENDLETON
97810,45.7511,-118.5264,ADAMS
97812,45.5463,-120.3259,ARLINGTON
97813,45.8883,-118.5540,ATHENA
97814,44.8201,-117.7530,BAKER CITY
97817,44.7011,-118.6598,BATES
97818,45.7372,-119.8114,BOARDMAN
97819,44.5054,-117.7201,BRIDGEPORT
97820,44.3835,-118.9487,CANYON CITY
97823,45.2710,-120.1584,CONDON
97824,45.3485,-117.8374,COVE
97825,44.4818,-119.5177,DAYVILLE
97826,45.6515,-119.1969,ECHO
97827,45.6472,-117.9156,ELGIN
97828,45.7556,-117.2166,ENTERPRISE
97830,44.9020,-120.0739,FOSSIL
97833,44.9209,-117.9954,HAINES
97834,44.9116,-117.1350,HALFWAY
97835,45.9034,-118.8613,HELIX
97836,45.3059,-119.5163,HEPPNER
97837,44.4919,-117.9556,HEREFORD
97838,45.8346,-119.3442,HERMISTON
97839,45.5295,-119.6571,LEXINGTON
97840,44.9453,-116.9243,OXBOW
97841,45.4500,-117.8496,IMBLER
97842,45.4996,-116.7620,IMNAHA
97843,45.5358,-119.8970,IONE
97844,45.8638,-119.5520,IRRIGON
97845,44.4046,-118.8725,JOHN DAY
97846,45.3609,-117.0478,JOSEPH
97848,44.6965,-119.5808,KIMBERLY
97850,45.2211,-118.2634,LA GRANDE
97856,44.7703,-119.2045,LONG CREEK
97857,45.4524,-117.4322,LOSTINE
97859,45.5268,-118.4293,MEACHAM
97861,45.7169,-120.1997,MIKKALO
97862,45.8853,-118.3098,MILTON FREEWATER
97864,44.8703,-119.4651,MONUMENT
97865,44.4442,-119.1975,MOUNT VERNON
97867,45.0817,-117.9951,NORTH POWDER
97868,45.2799,-118.8412,PILOT ROCK
97869,44.5186,-118.5929,PRAIRIE CITY
97870,44.7412,-117.2630,RICHLAND
97873,44.1519,-119.2080,SENECA
97874,44.7897,-119.8396,SPRAY
97875,45.8019,-119.2166,STANFIELD
97876,45.5123,-118.0192,SUMMERVILLE
97877,44.7265,-118.3338,SUMPTER
97880,45.0971,-118.8925,UKIAH
97882,45.9057,-119.3531,UMATILLA
97883,45.2105,-117.6461,UNION
97884,44.4111,-118.2938,UNITY
97885,45.5328,-117.5453,WALLOWA
97886,45.7983,-118.2871,WESTON
97901,43.5742,-117.1075,ADRIAN
97902,42.9184,-117.4808,AROCK
97903,44.2188,-117.5971,BROGAN
97904,43.8550,-118.5915,DREWSEY
97905,44.5992,-117.5115,DURKEE
97906,43.7907,-117.4846,HARPER
97907,44.4235,-117.3485,HUNTINGTON
97908,44.1944,-117.8821,IRONSIDE
97909,44.1893,-117.4428,JAMIESON
97910,42.6661,-117.6276,CROSS STATE
97910,42.6661,-117.6276,JORDAN VALLEY
97911,43.8661,-117.9927,JUNTURA
97913,43.8222,-117.1246,NYSSA
97914,44.0789,-117.0199,ONTARIO
97917,43.4935,-118.1028,RIVERSIDE
97918,44.0811,-117.2651,VALE
97920,44.0036,-117.7772,WESTFALL
98001,47.3075,-122.2659,AUBURN
98002,47.3101,-122.2092,AUBURN
98003,47.3078,-122.3112,FEDERAL WAY
98004,47.6177,-122.2108,BELLEVUE
98005,47.6201,-122.1731,BELLEVUE
98006,47.5528,-122.1506,BELLEVUE
98007,47.6197,-122.1430,BELLEVUE
98008,47.6056,-122.1083,BELLEVUE
98009,47.6106,-122.1997,BELLEVUE
98010,47.3142,-121.9950,BLACK DIAMOND
98011,47.7503,-122.2047,BOTHELL
98012,47.8447,-122.1985,BOTHELL
98013,47.3895,-122.4597,BURTON
98014,47.6527,-121.8978,CARNATION
98015,47.6106,-122.1997,BELLEVUE
98019,47.7332,-121.7993,DUVALL
98020,47.8061,-122.3755,EDMONDS
98021,47.7964,-122.2052,BOTHELL
98022,47.1766,-121.6170,ENUMCLAW
98023,47.3039,-122.3757,FEDERAL WAY
98024,47.5734,-121.9028,FALL CITY
98025,47.4386,-121.8893,HOBART
98026,47.8356,-122.3258,EDMONDS
98027,47.4964,-121.9909,ISSAQUAH
98028,47.7549,-122.2471,KENMORE
98029,47.5596,-122.0240,ISSAQUAH
98030,47.3624,-122.1983,KENT
98031,47.4139,-122.1981,KENT
98032,47.3923,-122.2646,KENT
98033,47.6732,-122.1976,KIRKLAND
98034,47.7152,-122.2106,KIRKLAND
98035,47.3814,-122.2336,KENT
98036,47.8048,-122.2862,LYNNWOOD
98037,47.8388,-122.2884,LYNNWOOD
98038,47.4038,-122.0059,MAPLE VALLEY
98039,47.6276,-122.2432,MEDINA
98040,47.5652,-122.2331,MERCER ISLAND
98041,47.7602,-122.2044,BOTHELL
98042,47.3645,-122.1021,KENT
98043,47.7922,-122.3072,MOUNTLAKE TERRACE
98045,47.4906,-121.6727,NORTH BEND
98046,47.8213,-122.3138,LYNNWOOD
98047,47.2586,-122.2461,PACIFIC
98050,47.5239,-121.9259,PRESTON
98051,47.3567,-121.9179,RAVENSDALE
98052,47.6805,-122.1209,REDMOND
98053,47.6610,-122.0206,REDMOND
98055,47.4511,-122.1963,RENTON
98056,47.5089,-122.1950,RENTON
98057,47.4727,-122.2183,RENTON
98058,47.4351,-122.1165,RENTON
98059,47.5041,-122.1097,RENTON
98061,47.6559,-122.5094,ROLLINGBAY
98062,47.4696,-122.3605,SEAHURST
98063,47.3076,-122.2275,FEDERAL WAY
98064,47.3814,-122.2339,KENT
98065,47.5693,-121.7770,SNOQUALMIE
98068,47.4231,-121.3731,SNOQUALMIE PASS
98070,47.4207,-122.4509,VASHON
98071,47.3076,-122.2275,AUBURN
98072,47.7690,-122.1303,WOODINVILLE
98073,47.6742,-122.1206,REDMOND
98074,47.6288,-122.0424,SAMMAMISH
98075,47.5883,-122.0349,SAMMAMISH
98077,47.7524,-122.0586,WOODINVILLE
98082,47.7511,-122.2128,MILL CREEK
98083,47.6817,-122.2078,KIRKLAND
98087,47.8675,-122.2632,LYNNWOOD
98089,47.3800,-122.2300,KENT
98092,47.2899,-122.1096,AUBURN
98093,47.3076,-122.2275,FEDERAL WAY
98101,47.6110,-122.3335,SEATTLE
98102,47.6357,-122.3244,SEATTLE
98103,47.6703,-122.3483,SEATTLE
98104,47.6021,-122.3284,SEATTLE
98105,47.6604,-122.2805,SEATTLE
98106,47.5477,-122.3527,SEATTLE
98107,47.6648,-122.3838,SEATTLE
98108,47.5411,-122.3133,SEATTLE
98109,47.6344,-122.3419,SEATTLE
98110,47.6476,-122.5355,BAINBRIDGE ISLAND
98111,47.6064,-122.3308,SEATTLE
98112,47.6320,-122.2874,SEATTLE
98113,47.6894,-122.3548,SEATTLE
98114,47.6064,-122.3308,SEATTLE
98115,47.6836,-122.2780,SEATTLE
98116,47.5763,-122.4006,SEATTLE
98117,47.6886,-122.3842,SEATTLE
98118,47.5420,-122.2676,SEATTLE
98119,47.6390,-122.3692,SEATTLE
98121,47.6135,-122.3474,SEATTLE
98122,47.6135,-122.2973,SEATTLE
98124,47.6064,-122.3308,SEATTLE
98125,47.7158,-122.2935,SEATTLE
98126,47.5518,-122.3722,SEATTLE
98127,47.6100,-122.3300,SEATTLE
98129,47.6064,-122.3308,SEATTLE
98131,47.6719,-122.2743,SEATTLE
98133,47.7396,-122.3449,SEATTLE
98134,47.5712,-122.3378,SEATTLE
98136,47.5360,-122.3932,SEATTLE
98138,47.6064,-122.3308,SEATTLE
98139,47.6100,-122.3300,SEATTLE
98141,47.6100,-122.3300,SEATTLE
98144,47.5839,-122.2915,SEATTLE
98145,47.6064,-122.3308,SEATTLE
98146,47.5003,-122.3633,SEATTLE
98148,47.4465,-122.3218,SEATTLE
98154,47.6063,-122.3336,SEATTLE
98155,47.7553,-122.2959,SEATTLE
98158,47.4505,-122.3060,SEATTLE
98160,47.7699,-122.3889,SEATTLE
98161,47.6076,-122.3351,SEATTLE
98164,47.6061,-122.3318,SEATTLE
98165,47.7209,-122.2954,SEATTLE
98166,47.4480,-122.3584,SEATTLE
98168,47.4901,-122.2915,SEATTLE
98170,47.6064,-122.3308,SEATTLE
98174,47.6047,-122.3352,SEATTLE
98175,47.7089,-122.3205,SEATTLE
98177,47.7392,-122.3753,SEATTLE
98178,47.4964,-122.2519,SEATTLE
98181,47.6064,-122.3308,SEATTLE
98185,47.6064,-122.3308,SEATTLE
98188,47.4482,-122.2779,SEATTLE
98190,47.6064,-122.3308,SEATTLE
98191,47.6064,-122.3308,SEATTLE
98194,47.6100,-122.3300,SEATTLE
98195,47.6542,-122.3003,SEATTLE
98198,47.3823,-122.3107,SEATTLE
98199,47.6514,-122.4062,SEATTLE
98201,47.9908,-122.1990,EVERETT
98203,47.9455,-122.2397,EVERETT
98204,47.8983,-122.2607,EVERETT
98206,48.0131,-122.3202,EVERETT
98207,47.9909,-122.2155,EVERETT
98208,47.9008,-122.1945,EVERETT
98213,47.9800,-122.2000,EVERETT
98220,48.6827,-122.1944,ACME
98221,48.4978,-122.6460,ANACORTES
98222,48.5662,-122.7998,BLAKELY ISLAND
98223,48.1806,-121.9513,ARLINGTON
98224,47.7381,-121.4624,BARING
98225,48.7454,-122.4797,BELLINGHAM
98226,48.7908,-122.4642,BELLINGHAM
98227,48.7597,-122.4869,BELLINGHAM
98228,48.6287,-122.4908,BELLINGHAM
98229,48.6863,-122.4088,BELLINGHAM
98230,48.9528,-122.7057,BLAINE
98231,48.9936,-122.7455,BLAINE
98232,48.5659,-122.4457,BOW
98233,48.5037,-122.3495,BURLINGTON
98235,48.4602,-122.2339,CLEARLAKE
98236,47.9562,-122.4177,CLINTON
98237,48.5285,-121.4987,CONCRETE
98238,48.3197,-122.3534,CONWAY
98239,48.1778,-122.6696,COUPEVILLE
98240,48.9461,-122.6171,CUSTER
98241,48.1616,-121.2951,DARRINGTON
98243,48.6129,-123.0187,DEER HARBOR
98244,48.7965,-122.0768,DEMING
98245,48.6795,-122.9599,EASTSOUND
98247,48.8998,-122.3231,EVERSON
98248,48.8639,-122.6115,FERNDALE
98249,48.0272,-122.5424,FREELAND
98250,48.5702,-123.0985,FRIDAY HARBOR
98251,47.8448,-121.6470,GOLD BAR
98252,48.0490,-121.7491,GRANITE FALLS
98253,48.0956,-122.5755,GREENBANK
98255,48.5225,-121.9901,HAMILTON
98256,47.8440,-121.4392,INDEX
98257,48.4146,-122.5113,LA CONNER
98258,48.0486,-122.0596,LAKE STEVENS
98259,48.1525,-122.2063,NORTH LAKEWOOD
98260,48.0402,-122.4146,LANGLEY
98261,48.5066,-122.9085,LOPEZ ISLAND
98262,48.6946,-122.6655,LUMMI ISLAND
98263,48.6626,-121.8879,LYMAN
98264,48.9324,-122.4198,LYNDEN
98266,48.9623,-122.1248,MAPLE FALLS
98267,48.6136,-121.3390,MARBLEMOUNT
98270,48.0562,-122.1615,MARYSVILLE
98271,48.0893,-122.2374,MARYSVILLE
98272,47.8740,-121.8900,MONROE
98273,48.3970,-122.3587,MOUNT VERNON
98274,48.3593,-122.1359,MOUNT VERNON
98275,47.9131,-122.3038,MUKILTEO
98276,48.9278,-122.3203,NOOKSACK
98277,48.3220,-122.5744,OAK HARBOR
98278,48.3404,-122.6601,OAK HARBOR
98279,48.6503,-122.8133,OLGA
98280,48.6165,-122.9095,ORCAS
98281,48.9867,-123.0562,POINT ROBERTS
98282,48.1629,-122.4955,CAMANO ISLAND
98283,48.6415,-121.2487,ROCKPORT
98284,48.5141,-121.9902,SEDRO WOOLLEY
98286,48.5710,-122.9600,SHAW ISLAND
98287,48.2026,-122.2526,SILVANA
98288,47.6326,-121.3316,SKYKOMISH
98290,47.9427,-122.0138,SNOHOMISH
98291,47.9132,-122.0966,SNOHOMISH
98292,48.2052,-122.3011,STANWOOD
98293,47.8681,-121.7395,STARTUP
98294,47.8848,-121.7409,SULTAN
98295,48.9499,-122.2338,SUMAS
98296,47.8518,-122.0982,SNOHOMISH
98297,48.6990,-123.0378,WALDRON
98303,47.1557,-122.7077,ANDERSON ISLAND
98304,46.7482,-122.0044,ASHFORD
98305,48.0595,-124.2473,BEAVER
98310,47.5943,-122.6265,BREMERTON
98311,47.6307,-122.6377,BREMERTON
98312,47.5772,-122.7577,BREMERTON
98314,47.5644,-122.6273,BREMERTON
98315,47.7244,-122.7192,SILVERDALE
98320,47.7572,-123.0265,BRINNON
98321,47.1536,-122.0696,BUCKLEY
98322,47.4184,-122.6294,BURLEY
98323,47.0138,-121.9913,CARBONADO
98324,48.0909,-123.1705,CARLSBORG
98325,47.9755,-122.7810,CHIMACUM
98326,48.1748,-124.3037,CLALLAM BAY
98327,47.0897,-122.6634,DUPONT
98328,46.8713,-122.2203,EATONVILLE
98329,47.3744,-122.7162,GIG HARBOR
98330,46.7729,-122.1697,ELBE
98331,47.8515,-124.2841,FORKS
98332,47.3649,-122.6053,GIG HARBOR
98333,47.2480,-122.6301,FOX ISLAND
98335,47.2953,-122.6227,GIG HARBOR
98336,46.5509,-122.1066,GLENOMA
98337,47.5688,-122.6367,BREMERTON
98338,47.0159,-122.2973,GRAHAM
98339,48.0184,-122.7489,PORT HADLOCK
98340,47.9122,-122.5705,HANSVILLE
98342,47.7544,-122.5281,INDIANOLA
98343,48.1359,-123.7349,JOYCE
98344,46.9856,-122.2244,KAPOWSIN
98345,47.6984,-122.6236,KEYPORT
98346,47.8192,-122.5284,KINGSTON
98348,46.8359,-122.3184,LA GRANDE
98349,47.2669,-122.7746,LAKEBAY
98350,47.9009,-124.6011,LA PUSH
98351,47.2058,-122.7684,LONGBRANCH
98352,47.2034,-122.2395,SUMNER
98353,47.5536,-122.5458,MANCHESTER
98354,47.2499,-122.3150,MILTON
98355,46.6750,-122.2109,MINERAL
98356,46.5288,-122.2315,MORTON
98357,48.3329,-124.6396,NEAH BAY
98358,48.0560,-122.7293,NORDLAND
98359,47.4330,-122.5774,OLALLA
98360,47.0293,-122.1597,ORTING
98361,46.6871,-121.6809,PACKWOOD
98362,47.9961,-123.3828,PORT ANGELES
98363,48.0173,-123.8246,PORT ANGELES
98364,47.8556,-122.5956,PORT GAMBLE
98365,47.9031,-122.6993,PORT LUDLOW
98366,47.5449,-122.5815,PORT ORCHARD
98367,47.4662,-122.6482,PORT ORCHARD
98368,48.0349,-122.8192,PORT TOWNSEND
98370,47.7543,-122.6203,POULSBO
98371,47.2068,-122.3311,PUYALLUP
98372,47.2115,-122.2549,PUYALLUP
98373,47.1477,-122.3252,PUYALLUP
98374,47.1266,-122.2525,PUYALLUP
98375,47.1024,-122.3267,PUYALLUP
98376,47.8289,-122.8319,QUILCENE
98377,46.5857,-121.7587,RANDLE
98378,47.5291,-122.5931,RETSIL
98380,47.5655,-122.9088,SEABECK
98381,48.2805,-124.4914,SEKIU
98382,48.0258,-123.0618,SEQUIM
98383,47.6761,-122.7161,SILVERDALE
98384,47.5225,-122.5361,SOUTH COLBY
98385,47.1388,-122.0971,SOUTH PRAIRIE
98386,47.5125,-122.5009,SOUTHWORTH
98387,47.0596,-122.3897,SPANAWAY
98388,47.1669,-122.6075,STEILACOOM
98390,47.2136,-122.2348,SUMNER
98391,47.1724,-122.1742,BONNEY LAKE
98392,47.7320,-122.5642,SUQUAMISH
98393,47.6094,-122.6537,TRACYTON
98394,47.3253,-122.7779,VAUGHN
98395,47.3792,-122.6415,WAUNA
98396,47.1164,-122.0172,WILKESON
98397,46.8844,-121.7328,LONGMIRE
98398,47.1576,-122.5684,PARADISE INN
98401,47.2534,-122.4432,TACOMA
98402,47.2496,-122.4394,TACOMA
98403,47.2658,-122.4579,TACOMA
98404,47.2103,-122.4092,TACOMA
98405,47.2490,-122.4729,TACOMA
98406,47.2611,-122.5105,TACOMA
98407,47.2939,-122.5075,TACOMA
98408,47.1983,-122.4482,TACOMA
98409,47.2137,-122.4729,TACOMA
98411,47.2534,-122.4432,TACOMA
98412,47.2534,-122.4432,TACOMA
98413,47.2205,-122.4725,TACOMA
98415,47.2534,-122.4432,TACOMA
98416,47.2646,-122.4786,TACOMA
98417,47.2725,-122.4881,TACOMA
98418,47.2240,-122.4464,TACOMA
98419,47.2239,-122.4399,TACOMA
98421,47.2594,-122.3969,TACOMA
98422,47.2895,-122.3896,TACOMA
98424,47.2379,-122.3603,FIFE
98430,47.1190,-122.5685,CAMP MURRAY
98431,47.1095,-122.5470,TACOMA
98433,47.0800,-122.6032,TACOMA
98438,47.1269,-122.4829,MCCHORD AFB
98439,47.1287,-122.5224,LAKEWOOD
98443,47.2059,-122.3741,TACOMA
98444,47.1467,-122.4516,TACOMA
98445,47.1319,-122.4119,TACOMA
98446,47.1280,-122.3755,TACOMA
98447,47.1458,-122.4437,TACOMA
98448,47.2529,-122.4443,TACOMA
98464,47.2534,-122.4432,TACOMA
98465,47.2491,-122.5317,TACOMA
98466,47.2289,-122.5414,TACOMA
98467,47.1993,-122.5432,UNIVERSITY PLACE
98471,47.2534,-122.4432,TACOMA
98481,47.2534,-122.4432,TACOMA
98490,47.2071,-122.4831,TACOMA
98493,47.2534,-122.4432,TACOMA
98496,47.1715,-122.5100,LAKEWOOD
98497,47.2534,-122.4432,LAKEWOOD
98498,47.1581,-122.5604,LAKEWOOD
98499,47.1658,-122.5032,LAKEWOOD
98501,46.9780,-122.8735,OLYMPIA
98502,47.1039,-123.0524,OLYMPIA
98503,47.0265,-122.7969,LACEY
98504,47.0442,-122.9007,OLYMPIA
98505,47.0709,-122.9579,OLYMPIA
98506,47.1053,-122.8703,OLYMPIA
98507,47.0381,-122.8997,OLYMPIA
98508,47.0153,-122.8742,OLYMPIA
98509,47.0344,-122.8237,LACEY
98511,46.9542,-123.0250,TUMWATER
98512,46.9449,-123.0535,OLYMPIA
98513,46.9941,-122.7320,OLYMPIA
98516,47.1131,-122.7701,OLYMPIA
98520,47.0318,-123.8182,ABERDEEN
98522,46.6293,-123.0600,ADNA
98524,47.3589,-122.8605,ALLYN
98526,47.4886,-124.0130,AMANDA PARK
98527,46.6202,-123.9544,BAY CENTER
98528,47.4393,-122.9262,BELFAIR
98530,46.7877,-122.8180,BUCODA
98531,46.7436,-122.9793,CENTRALIA
98532,46.6211,-122.9933,CHEHALIS
98533,46.6009,-122.5392,CINEBAR
98535,47.0902,-124.1059,COPALIS BEACH
98536,47.1546,-124.1056,COPALIS CROSSING
98537,46.8374,-123.5797,COSMOPOLIS
98538,46.4837,-123.1280,CURTIS
98539,46.6384,-123.2812,DOTY
98540,46.9679,-122.8345,EAST OLYMPIA
98541,47.0651,-123.3677,ELMA
98542,46.5285,-122.7720,ETHEL
98544,46.7425,-123.0259,GALVIN
98546,47.3216,-122.9353,GRAPEVIEW
98547,46.7821,-124.0201,GRAYLAND
98548,47.4454,-123.2188,HOODSPORT
98550,47.1092,-123.9702,HOQUIAM
98552,47.3236,-123.9284,HUMPTULIPS
98554,46.5593,-123.5475,LEBAM
98555,47.5343,-123.1827,LILLIWAUP
98556,46.9019,-123.0168,LITTLEROCK
98557,47.0404,-123.2728,MCCLEARY
98558,46.9238,-122.5536,MCKENNA
98559,46.9587,-123.3268,MALONE
98560,47.3198,-123.4127,MATLOCK
98561,46.6214,-123.6456,MENLO
98562,47.2448,-124.1159,MOCLIPS
98563,47.1684,-123.5993,MONTESANO
98564,46.4700,-122.4372,MOSSYROCK
98565,46.5827,-122.9147,NAPAVINE
98566,47.4131,-123.8794,NEILTON
98568,46.8714,-123.3128,OAKVILLE
98569,47.0171,-124.1515,OCEAN SHORES
98570,46.5793,-122.6959,ONALASKA
98571,47.1891,-124.1301,PACIFIC BEACH
98572,46.4983,-123.3185,PE ELL
98575,47.4085,-123.7169,QUINAULT
98576,46.8429,-122.6396,RAINIER
98577,46.6452,-123.6336,RAYMOND
98579,46.7970,-123.1162,ROCHESTER
98580,46.9596,-122.4732,ROY
98581,46.3297,-123.0975,RYDERWOOD
98582,46.5155,-122.6321,SALKUM
98583,47.0033,-123.4822,SATSOP
98584,47.2471,-123.1251,SHELTON
98585,46.5504,-122.4381,SILVER CREEK
98586,46.5796,-123.7932,SOUTH BEND
98587,47.3893,-124.2067,TAHOLAH
98588,47.4466,-123.0136,TAHUYA
98589,46.8507,-122.8240,TENINO
98590,46.7196,-124.0143,TOKELAND
98591,46.4525,-122.7445,TOLEDO
98592,47.3275,-123.0721,UNION
98593,46.4217,-122.9988,VADER
98595,46.8788,-124.1101,WESTPORT
98596,46.4895,-122.9026,WINLOCK
98597,46.8607,-122.5116,YELM
98599,47.0381,-122.8995,OLYMPIA
98601,45.9762,-122.4008,AMBOY
98602,45.8918,-121.2001,APPLETON
98603,46.0292,-122.4555,ARIEL
98604,45.8010,-122.4842,BATTLE GROUND
98605,45.8342,-121.6588,BINGEN
98606,45.7321,-122.4565,BRUSH PRAIRIE
98607,45.6415,-122.3861,CAMAS
98609,46.0660,-122.8673,CARROLLS
98610,45.7919,-121.8553,CARSON
98611,46.2936,-122.8635,CASTLE ROCK
98612,46.2648,-123.3385,CATHLAMET
98613,45.7440,-120.9749,CENTERVILLE
98614,46.2887,-123.9121,CHINOOK
98616,46.1654,-122.2587,COUGAR
98617,45.6195,-121.1714,DALLESPORT
98619,45.9771,-121.2912,GLENWOOD
98620,45.8424,-120.7581,GOLDENDALE
98621,46.3480,-123.5427,GRAYS RIVER
98622,45.8253,-122.4900,HEISSON
98623,45.7994,-121.4858,HUSUM
98624,46.3167,-123.9992,ILWACO
98625,46.0474,-122.7447,KALAMA
98626,46.1421,-122.7748,KELSO
98628,45.8267,-121.1423,KLICKITAT
98629,45.8738,-122.6151,LA CENTER
98631,46.3889,-124.0373,LONG BEACH
98632,46.1922,-123.0542,LONGVIEW
98635,45.7506,-121.2182,LYLE
98637,46.4989,-124.0322,NAHCOTTA
98638,46.3879,-123.6643,NASELLE
98639,45.6787,-121.9674,NORTH BONNEVILLE
98640,46.5359,-124.0464,OCEAN PARK
98641,46.5648,-124.0315,OYSTERVILLE
98642,45.8032,-122.7015,RIDGEFIELD
98643,46.3062,-123.6294,ROSBURG
98644,46.3316,-124.0512,SEAVIEW
98645,46.3152,-122.7815,SILVERLAKE
98647,46.3215,-123.4356,SKAMOKAWA
98648,45.6988,-121.9616,STEVENSON
98649,46.3079,-122.4835,TOUTLE
98650,45.9754,-121.5146,TROUT LAKE
98651,45.7388,-121.5776,UNDERWOOD
98660,45.7027,-122.7495,VANCOUVER
98661,45.6432,-122.6350,VANCOUVER
98662,45.6936,-122.5748,VANCOUVER
98663,45.6523,-122.6638,VANCOUVER
98664,45.6194,-122.5762,VANCOUVER
98665,45.6799,-122.6497,VANCOUVER
98666,45.6387,-122.6606,VANCOUVER
98668,45.6387,-122.6606,VANCOUVER
98670,45.8596,-121.1461,WAHKIACUS
98671,45.6766,-122.2049,WASHOUGAL
98672,45.8286,-121.4361,WHITE SALMON
98673,45.6605,-120.9479,WISHRAM
98674,45.9402,-122.5960,WOODLAND
98675,45.8333,-122.2958,YACOLT
98682,45.6771,-122.4717,VANCOUVER
98683,45.6026,-122.5162,VANCOUVER
98684,45.6297,-122.5100,VANCOUVER
98685,45.7171,-122.6938,VANCOUVER
98686,45.7290,-122.6304,VANCOUVER
98687,45.6387,-122.6606,VANCOUVER
98801,47.4520,-120.3308,WENATCHEE
98802,47.4940,-120.1939,EAST WENATCHEE
98807,47.4236,-120.3092,WENATCHEE
98811,47.7283,-120.3685,ARDENVOIR
98812,48.2236,-119.8173,BREWSTER
98813,48.0237,-119.6044,BRIDGEPORT
98814,48.2208,-120.1269,CARLTON
98815,47.5359,-120.4946,CASHMERE
98816,47.9805,-120.2816,CHELAN
98817,47.7961,-120.0008,CHELAN FALLS
98819,48.6023,-119.8191,CONCONULLY
98821,47.5409,-120.5606,DRYDEN
98822,47.8854,-120.4708,ENTIAT
98823,47.2724,-119.5993,EPHRATA
98824,47.0793,-119.8547,GEORGE
98826,47.8226,-120.8253,LEAVENWORTH
98827,48.8441,-119.7404,LOOMIS
98828,47.3212,-120.1929,MALAGA
98829,48.2912,-119.7520,MALOTT
98830,47.9001,-119.4908,MANSFIELD
98831,47.9370,-120.1190,MANSON
98832,47.3253,-119.0300,MARLIN
98833,48.6962,-120.5859,MAZAMA
98834,48.1627,-119.9865,METHOW
98836,47.4755,-120.4104,MONITOR
98837,47.1683,-119.2693,MOSES LAKE
98840,48.3193,-119.6009,OKANOGAN
98841,48.4108,-119.3893,OMAK
98843,47.7427,-120.0702,ORONDO
98844,48.9000,-119.2991,OROVILLE
98845,47.4210,-119.8783,PALISADES
98846,48.1023,-119.9505,PATEROS
98847,47.4569,-120.6746,PESHASTIN
98848,47.2060,-119.7993,QUINCY
98849,48.5772,-119.5790,RIVERSIDE
98850,47.3095,-120.0785,ROCK ISLAND
98851,47.4212,-119.4374,SOAP LAKE
98852,48.2583,-120.5824,STEHEKIN
98853,47.4083,-119.2638,STRATFORD
98855,48.6758,-119.2898,TONASKET
98856,48.3627,-120.2762,TWISP
98857,47.0208,-119.0714,WARDEN
98858,47.6332,-119.7208,WATERVILLE
98859,48.8270,-118.9733,WAUCONDA
98860,47.4682,-119.1480,WILSON CREEK
98862,48.5048,-120.1238,WINTHROP
98901,46.7001,-120.4651,YAKIMA
98902,46.5983,-120.5275,YAKIMA
98903,46.5266,-120.6957,YAKIMA
98904,46.6584,-120.6123,YAKIMA
98907,46.6022,-120.5048,YAKIMA
98908,46.6112,-120.6875,YAKIMA
98909,46.6022,-120.5048,YAKIMA
98920,46.4045,-120.6058,BROWNSTOWN
98921,46.4288,-120.3124,BUENA
98922,47.2201,-120.9103,CLE ELUM
98923,46.6431,-120.7798,COWICHE
98925,47.3734,-121.2615,EASTON
98926,47.0345,-120.3914,ELLENSBURG
98930,46.2500,-119.9311,GRANDVIEW
98932,46.3429,-120.1606,GRANGER
98933,46.4091,-120.6178,HARRAH
98934,46.9831,-120.4179,KITTITAS
98935,46.1800,-120.1044,MABTON
98936,46.5326,-120.1761,MOXEE
98937,46.7669,-121.0586,NACHES
98938,46.3892,-120.0947,OUTLOOK
98939,46.5011,-120.4643,PARKER
98940,47.4057,-121.0952,RONALD
98941,47.2387,-120.9740,ROSLYN
98942,46.7672,-120.6872,SELAH
98943,47.1843,-120.9753,SOUTH CLE ELUM
98944,46.3894,-120.0173,SUNNYSIDE
98946,47.0783,-120.7201,THORP
98947,46.6820,-120.8335,TIETON
98948,46.2992,-120.3557,TOPPENISH
98950,46.8685,-119.9921,VANTAGE
98951,46.4443,-120.4843,WAPATO
98952,46.3686,-120.7705,WHITE SWAN
98953,46.4352,-120.2321,ZILLAH
99001,47.6355,-117.5825,AIRWAY HEIGHTS
99003,47.9296,-117.2670,CHATTAROY
99004,47.4206,-117.6416,CHENEY
99005,47.8485,-117.3598,COLBERT
99006,47.9680,-117.5330,DEER PARK
99008,47.5395,-117.9317,EDWALL
99009,48.0203,-117.2596,ELK
99011,47.6189,-117.6563,FAIRCHILD AIR FORCE BASE
99012,47.3977,-117.1922,FAIRFIELD
99013,47.8881,-117.8214,FORD
99014,47.5614,-117.5933,FOUR LAKES
99016,47.6316,-117.1382,GREENACRES
99017,47.1745,-117.8913,LAMONT
99018,47.2963,-117.1777,LATAH
99019,47.6296,-117.0858,LIBERTY LAKE
99020,47.5626,-117.4968,MARSHALL
99021,47.8261,-117.2375,MEAD
99022,47.6089,-117.7190,MEDICAL LAKE
99023,47.5474,-117.1525,MICA
99025,47.8150,-117.0963,NEWMAN LAKE
99026,47.8086,-117.6200,NINE MILE FALLS
99027,47.7105,-117.1191,OTIS ORCHARDS
99029,47.7164,-117.8518,REARDAN
99030,47.4851,-117.1208,ROCKFORD
99031,47.4361,-117.3537,SPANGLE
99032,47.3138,-118.0467,SPRAGUE
99033,47.2446,-117.1557,TEKOA
99034,47.8898,-117.7455,TUMTUM
99036,47.5246,-117.2709,VALLEYFORD
99037,47.6328,-117.1942,VERADALE
99039,47.3322,-117.2410,WAVERLY
99040,47.8829,-118.0102,WELLPINIT
99101,48.3487,-117.9393,ADDY
99102,46.7993,-117.2570,ALBION
99103,47.7256,-118.8792,ALMIRA
99104,47.0882,-117.1616,BELMONT
99105,46.8915,-118.0707,BENGE
99109,48.2745,-117.7452,CHEWELAH
99110,47.9865,-117.5832,CLAYTON
99111,46.8668,-117.4512,COLFAX
99113,46.5687,-117.2380,COLTON
99114,48.6539,-117.7496,COLVILLE
99115,47.5441,-119.3202,COULEE CITY
99116,48.0275,-118.9245,COULEE DAM
99117,47.7547,-118.4869,CRESTON
99118,48.8794,-118.6042,CURLEW
99119,48.5011,-117.3804,CUSICK
99121,48.9431,-118.4437,DANVILLE
99122,47.6869,-118.1723,DAVENPORT
99123,47.8767,-119.1150,ELECTRIC CITY
99124,48.0003,-118.9531,ELMER CITY
99125,46.9396,-117.7787,ENDICOTT
99126,48.7301,-117.9465,EVANS
99128,47.0843,-117.1267,FARMINGTON
99129,47.9790,-118.2317,FRUITLAND
99130,46.9998,-117.1660,GARFIELD
99131,48.3004,-118.1220,GIFFORD
99133,48.0044,-119.0427,GRAND COULEE
99134,47.4405,-118.3388,HARRINGTON
99135,47.6864,-119.1498,HARTLINE
99136,46.6857,-117.9471,HAY
99137,48.1511,-118.1181,HUNTERS
99138,48.2617,-118.4930,INCHELIUM
99139,48.6680,-117.3312,IONE
99140,48.0657,-118.5960,KELLER
99141,48.7286,-118.0650,KETTLE FALLS
99143,46.6940,-117.8436,LACROSSE
99144,47.3594,-118.4816,LAMONA
99146,48.9522,-118.2847,LAURIER
99147,47.8411,-118.4378,LINCOLN
99148,48.1310,-117.5894,LOON LAKE
99149,47.2140,-117.4609,MALDEN
99150,48.8173,-118.6330,MALO
99151,48.6642,-118.0640,MARCUS
99152,48.8969,-117.3853,METALINE
99153,48.8875,-117.2980,METALINE FALLS
99154,47.3631,-118.3576,MOHLER
99155,48.1926,-119.0581,NESPELEM
99156,48.2086,-117.2687,NEWPORT
99157,48.9246,-117.7843,NORTHPORT
99158,47.1062,-117.2652,OAKESDALE
99159,47.3343,-118.7327,ODESSA
99160,48.8633,-118.2052,ORIENT
99161,46.8929,-117.1552,PALOUSE
99163,46.7245,-117.2545,PULLMAN
99164,46.7263,-117.1521,PULLMAN
99166,48.6169,-118.6442,REPUBLIC
99167,48.4263,-118.1178,RICE
99169,47.1379,-118.4705,RITZVILLE
99170,47.2583,-117.4013,ROSALIA
99171,47.0875,-117.6252,SAINT JOHN
99173,48.0043,-117.8760,SPRINGDALE
99174,47.0064,-117.3553,STEPTOE
99176,47.1032,-117.4058,THORNTON
99179,46.5024,-117.1273,UNIONTOWN
99180,48.3158,-117.3383,USK
99181,48.1369,-117.8146,VALLEY
99185,47.7463,-118.7012,WILBUR
99201,47.6648,-117.4375,SPOKANE
99202,47.6565,-117.3803,SPOKANE
99203,47.6282,-117.4074,SPOKANE
99204,47.6477,-117.4270,SPOKANE
99205,47.6961,-117.4593,SPOKANE
99206,47.6343,-117.2440,SPOKANE
99207,47.6898,-117.3874,SPOKANE
99208,47.7822,-117.4553,SPOKANE
99209,47.6588,-117.4252,SPOKANE
99210,47.6588,-117.4250,SPOKANE
99211,47.6588,-117.4250,SPOKANE
99212,47.6672,-117.3136,SPOKANE
99213,47.6588,-117.4250,SPOKANE
99214,47.6588,-117.4250,SPOKANE
99215,47.6588,-117.4250,SPOKANE
99216,47.6715,-117.1981,SPOKANE
99217,47.7422,-117.2567,SPOKANE
99218,47.7600,-117.4107,SPOKANE
99219,47.6588,-117.4250,SPOKANE
99220,47.6588,-117.4252,SPOKANE
99223,47.5911,-117.3511,SPOKANE
99224,47.6398,-117.5508,SPOKANE
99228,47.6588,-117.4250,SPOKANE
99251,47.7539,-117.4194,SPOKANE
99252,47.6748,-117.3876,SPOKANE
99256,47.6588,-117.4250,SPOKANE
99258,47.6649,-117.3972,SPOKANE
99260,47.6641,-117.4304,SPOKANE
99301,46.4659,-118.7344,PASCO
99302,46.2289,-119.0994,PASCO
99320,46.3058,-119.5070,BENTON CITY
99321,46.8655,-119.9255,BEVERLY
99322,45.9084,-120.1660,BICKLETON
99323,46.2068,-118.9123,BURBANK
99324,46.0425,-118.4081,COLLEGE PLACE
99326,46.6790,-118.7424,CONNELL
99328,46.3118,-117.8730,DAYTON
99329,46.1386,-118.1546,DIXIE
99330,46.4819,-119.0752,ELTOPIA
99333,46.7546,-118.1466,HOOPER
99335,46.6670,-118.5606,KAHLOTUS
99336,46.2193,-119.1781,KENNEWICK
99337,46.0708,-119.0975,KENNEWICK
99338,46.1263,-119.2850,KENNEWICK
99341,46.9085,-118.7228,LIND
99343,46.5599,-119.1185,MESA
99344,46.7964,-119.1225,OTHELLO
99345,45.9427,-119.6621,PATERSON
99346,46.0028,-119.2890,PLYMOUTH
99347,46.3508,-117.5460,POMEROY
99348,46.4302,-118.4978,PRESCOTT
99349,46.7784,-119.6712,MATTAWA
99350,46.2332,-119.6811,PROSSER
99352,46.2497,-119.3025,RICHLAND
99353,46.3181,-119.3770,WEST RICHLAND
99354,46.3686,-119.3334,RICHLAND
99356,45.8454,-120.2700,ROOSEVELT
99357,46.9222,-119.6797,ROYAL CITY
99359,46.4940,-118.1363,STARBUCK
99360,46.1274,-118.7114,TOUCHET
99361,46.2101,-118.1369,WAITSBURG
99362,46.1498,-118.3095,CROSS STATE
99362,46.1498,-118.3095,WALLA WALLA
99363,46.0694,-118.9060,WALLULA
99371,46.8947,-118.2620,WASHTUCNA
99401,46.1216,-117.1530,ANATONE
99402,46.1716,-117.1035,ASOTIN
99403,46.3819,-117.2535,CLARKSTON
99501,61.2225,-149.8677,ANCHORAGE
99502,61.1605,-149.9893,ANCHORAGE
99503,61.1891,-149.8862,ANCHORAGE
99504,61.2075,-149.7415,ANCHORAGE
99505,61.2552,-149.7135,JBER
99506,61.2757,-149.7877,JBER
99507,61.1456,-149.7733,ANCHORAGE
99508,61.2097,-149.8232,ANCHORAGE
99509,61.2181,-149.9003,ANCHORAGE
99510,70.3771,-150.7904,ANCHORAGE
99511,61.2181,-149.9003,ANCHORAGE
99513,61.2141,-149.8855,ANCHORAGE
99514,61.2181,-149.9003,ANCHORAGE
99515,61.1104,-149.9043,ANCHORAGE
99516,61.0803,-149.7018,ANCHORAGE
99517,61.1907,-149.9410,ANCHORAGE
99518,61.1581,-149.8856,ANCHORAGE
99519,68.9394,-146.3249,ANCHORAGE
99520,61.2181,-149.9003,ANCHORAGE
99521,61.2181,-149.9003,ANCHORAGE
99522,61.2181,-149.9003,ANCHORAGE
99523,61.2181,-149.9003,ANCHORAGE
99524,61.2181,-149.9003,ANCHORAGE
99529,61.1834,-149.9882,ANCHORAGE
99530,61.1922,-149.9803,ANCHORAGE
99540,61.0008,-149.5365,INDIAN
99545,60.7856,-161.7976,KONGIGANAK
99546,51.8549,-177.0888,ADAK
99547,52.2300,-174.2097,ATKA
99548,56.2392,-158.7433,CHIGNIK LAKE
99549,57.1022,-158.2680,PORT HEIDEN
99550,57.9012,-153.0124,PORT LIONS
99551,60.8785,-161.4255,AKIACHAK
99552,60.9146,-161.2945,AKIAK
99553,54.1673,-165.7480,AKUTAN
99554,62.7234,-163.8538,ALAKANUK
99555,59.3446,-158.7749,ALEKNAGIK
99556,59.8116,-151.6403,ANCHOR POINT
99557,61.4766,-156.7136,ANIAK
99558,63.3026,-159.8683,ANVIK
99559,60.9125,-161.9762,BETHEL
99561,60.1594,-164.0684,CHEFORNAK
99563,61.4724,-164.8375,CHEVAK
99564,56.3047,-158.4013,CHIGNIK
99565,56.3074,-158.4960,CHIGNIK LAGOON
99566,61.5058,-143.8904,CHITINA
99567,61.4235,-149.3299,CHUGIAK
99568,60.2105,-151.4099,CLAM GULCH
99569,58.8327,-157.8619,CLARKS POINT
99571,55.2205,-162.7827,COLD BAY
99572,60.5077,-149.9496,COOPER LANDING
99573,61.6226,-145.9989,COPPER CENTER
99574,60.6969,-145.5298,CORDOVA
99575,61.7970,-157.9568,CROOKED CREEK
99576,60.0903,-158.4268,DILLINGHAM
99577,61.2353,-149.3206,EAGLE RIVER
99578,59.7617,-161.9041,EEK
99579,58.0828,-156.4436,EGEGIK
99580,59.5289,-157.6535,EKWOK
99581,62.6979,-163.4661,EMMONAK
99583,54.7119,-163.7433,FALSE PASS
99585,61.7445,-161.8824,MARSHALL
99586,62.6168,-143.4440,GAKONA
99587,60.9731,-149.1194,GIRDWOOD
99588,62.3367,-146.7150,GLENNALLEN
99589,58.9475,-161.7106,GOODNEWS BAY
99590,62.8988,-160.1086,GRAYLING
99591,56.5769,-169.6304,SAINT GEORGE ISLAND
99599,61.1689,-149.9451,ANCHORAGE
99602,62.2620,-160.3831,HOLY CROSS
99603,59.5246,-151.2253,HOMER
99604,61.5019,-165.4489,HOOPER BAY
99605,60.8858,-149.4594,HOPE
99606,59.6798,-155.5577,ILIAMNA
99607,61.6147,-160.1780,KALSKAG
99608,57.6015,-154.3744,KARLUK
99609,60.8874,-162.5302,KASIGLUK
99610,60.3536,-151.2774,KASILOF
99611,60.7562,-150.5203,KENAI
99612,55.3823,-161.9455,KING COVE
99613,58.7462,-156.5491,KING SALMON
99614,59.9338,-164.0704,KIPNUK
99615,57.6874,-153.3790,KODIAK
99619,57.7903,-152.4075,KODIAK
99620,62.9568,-163.9041,KOTLIK
99621,60.7790,-161.3964,KWETHLUK
99622,59.8933,-163.0038,KWIGILLINGOK
99623,61.5529,-149.8627,WASILLA
99624,57.4872,-153.9936,LARSEN BAY
99625,59.2815,-155.3209,LEVELOCK
99626,61.4281,-160.5612,LOWER KALSKAG
99627,63.2005,-154.8901,MC GRATH
99628,58.8833,-158.9326,MANOKOTAK
99629,61.5800,-149.4400,WASILLA
99630,60.0881,-166.4815,MEKORYUK
99631,60.6182,-149.2793,MOOSE PASS
99632,62.2051,-164.4783,MOUNTAIN VILLAGE
99633,58.8355,-156.7111,NAKNEK
99634,60.6871,-161.7524,NAPAKIAK
99635,60.8658,-150.8627,NIKISKI
99636,59.5295,-157.6466,NEW STUYAHOK
99637,60.5902,-165.1127,TOKSOOK BAY
99638,52.9397,-168.8486,NIKOLSKI
99639,60.0312,-151.4264,NINILCHIK
99640,60.0312,-154.5554,NONDALTON
99641,60.8864,-162.3317,NUNAPITCHUK
99643,57.2205,-153.3213,OLD HARBOR
99644,57.9300,-152.4252,OUZINKIE
99645,61.6060,-148.9098,PALMER
99647,59.8395,-154.0379,PEDRO BAY
99648,55.9381,-159.1901,PERRYVILLE
99649,57.8066,-157.1392,PILOT POINT
99650,61.6895,-163.1775,PILOT STATION
99651,58.9257,-161.4012,PLATINUM
99652,61.4649,-150.0977,BIG LAKE
99653,60.3300,-154.1905,PORT ALSWORTH
99654,61.5959,-149.4066,WASILLA
99655,59.6604,-161.0999,QUINHAGAK
99656,61.7133,-157.6936,RED DEVIL
99657,61.8092,-161.4693,RUSSIAN MISSION
99658,62.2706,-163.3002,SAINT MARYS
99659,63.2877,-161.8066,SAINT MICHAEL
99660,57.1810,-170.2672,SAINT PAUL ISLAND
99661,55.2642,-160.5855,SAND POINT
99662,61.8024,-165.0716,SCAMMON BAY
99663,59.3192,-151.6994,SELDOVIA
99664,60.3160,-149.2156,SEWARD
99665,62.6013,-159.7504,SHAGELUK
99666,62.1954,-165.1691,NUNAM IQUA
99667,61.9393,-151.7353,SKWENTNA
99668,61.5861,-157.0009,SLEETMUTE
99669,60.3961,-150.9626,SOLDOTNA
99670,58.7321,-156.9145,SOUTH NAKNEK
99671,63.4576,-162.2298,STEBBINS
99672,60.5188,-150.7908,STERLING
99674,61.8640,-148.4425,SUTTON
99675,62.9702,-156.0833,TAKOTNA
99676,62.4381,-149.7108,TALKEETNA
99677,60.5426,-145.7578,TATITLEK
99678,59.1735,-160.7155,TOGIAK
99679,61.1088,-160.9545,TULUKSAK
99680,60.7925,-161.7559,TUNTUTULIAK
99681,60.6138,-164.7190,TUNUNAK
99682,61.1676,-151.9582,TYONEK
99683,62.4998,-150.9996,TRAPPER CREEK
99684,63.5730,-160.5845,UNALAKLEET
99685,53.8592,-166.6800,UNALASKA
99686,61.1772,-146.3378,VALDEZ
99687,61.3618,-150.0774,WASILLA
99688,61.6119,-150.3144,WILLOW
99689,59.7434,-139.5029,YAKUTAT
99690,60.8883,-163.0521,NIGHTMUTE
99691,63.0767,-154.4330,NIKOLAI
99692,53.5475,-166.9672,DUTCH HARBOR
99693,60.4388,-148.3012,WHITTIER
99694,61.6598,-149.8077,HOUSTON
99695,55.9182,-159.4933,ANCHORAGE
99697,57.4842,-153.4025,KODIAK
99701,64.8186,-147.7210,FAIRBANKS
99702,64.6824,-147.0333,EIELSON AFB
99703,64.8320,-147.6272,FORT WAINWRIGHT
99704,64.3480,-149.1863,CLEAR
99705,64.7296,-147.3879,NORTH POLE
99706,64.8379,-147.7166,FAIRBANKS
99707,64.8379,-147.7166,FAIRBANKS
99708,64.8379,-147.7166,FAIRBANKS
99709,64.9257,-148.1553,FAIRBANKS
99710,64.8379,-147.7166,FAIRBANKS
99711,64.7981,-147.5304,FAIRBANKS
99712,65.1679,-146.5903,FAIRBANKS
99714,64.4322,-146.6637,SALCHA
99716,64.7981,-147.5356,TWO RIVERS
99720,66.5344,-152.7203,ALLAKAKET
99721,68.8585,-150.9132,ANAKTUVUK PASS
99722,68.1519,-145.4850,ARCTIC VILLAGE
99723,71.2684,-156.7447,BARROW
99724,66.3872,-147.3255,BEAVER
99725,64.8439,-148.0310,ESTER
99726,67.2777,-150.9454,BETTLES FIELD
99727,65.8748,-160.5099,BUCKLAND
99729,63.3367,-148.0864,CANTWELL
99730,65.2327,-144.4257,CENTRAL
99731,63.8860,-145.6857,FORT GREELY
99732,63.8643,-141.9370,CHICKEN
99733,65.6279,-143.4491,CIRCLE
99734,70.1811,-149.7362,PRUDHOE BAY
99736,66.0152,-163.1006,DEERING
99737,63.7802,-145.3696,DELTA JUNCTION
99738,64.4526,-141.2247,EAGLE
99739,64.6870,-162.0915,ELIM
99740,67.2056,-144.6821,FORT YUKON
99741,65.9827,-154.4003,GALENA
99742,63.7514,-171.6942,GAMBELL
99743,63.7845,-150.1335,HEALY
99744,64.2816,-149.1318,ANDERSON
99745,65.9616,-153.9555,HUGHES
99746,65.5729,-158.1193,HUSLIA
99747,70.1205,-143.6779,KAKTOVIK
99748,64.3390,-158.7122,KALTAG
99749,67.5636,-160.3051,KIANA
99750,67.6416,-163.7167,KIVALINA
99751,67.0589,-155.9679,KOBUK
99752,66.7378,-161.7791,KOTZEBUE
99753,65.0178,-161.0353,KOYUK
99754,64.8933,-157.6851,KOYUKUK
99755,63.7022,-148.6213,DENALI NATIONAL PARK
99756,65.1609,-150.9875,MANLEY HOT SPRINGS
99757,63.8119,-152.3735,LAKE MINCHUMINA
99758,65.0291,-149.6716,MINTO
99759,69.8724,-162.4598,POINT LAY
99760,64.6034,-148.6035,NENANA
99761,67.3288,-162.7686,NOATAK
99762,65.1441,-165.0697,NOME
99763,66.8666,-159.8511,NOORVIK
99764,63.0008,-141.6935,NORTHWAY
99765,64.8114,-158.0527,NULATO
99766,68.2577,-166.2117,POINT HOPE
99767,65.4355,-149.8266,RAMPART
99768,65.1167,-154.8800,RUBY
99769,63.3330,-170.2711,SAVOONGA
99770,66.2980,-159.9410,SELAWIK
99771,64.6956,-160.4570,SHAKTOOLIK
99772,65.7753,-167.6941,SHISHMAREF
99773,66.7333,-156.9792,SHUNGNAK
99774,66.0262,-149.2648,STEVENS VILLAGE
99775,64.8606,-147.8378,FAIRBANKS
99776,63.3787,-143.3937,TANACROSS
99777,65.3337,-151.7995,TANANA
99778,65.0619,-166.4286,TELLER
99780,63.2153,-142.9889,TOK
99781,67.0082,-146.3780,VENETIE
99782,70.6971,-159.3252,WAINWRIGHT
99783,65.6726,-167.5871,WALES
99784,64.8823,-162.4721,WHITE MOUNTAIN
99785,65.4413,-166.9396,BREVIG MISSION
99786,67.6806,-156.8758,AMBLER
99788,66.6418,-143.7507,CHALKYITSIK
99789,69.8369,-152.1489,NUIQSUT
99790,65.4213,-148.2880,FAIRBANKS
99791,70.4891,-157.3988,ATQASUK
99801,58.3801,-134.1775,JUNEAU
99802,58.3016,-134.4194,JUNEAU
99803,58.3016,-134.4194,JUNEAU
99811,58.3016,-134.4194,JUNEAU
99812,58.2800,-134.4000,JUNEAU
99820,57.7126,-133.6697,ANGOON
99821,58.3833,-134.6591,AUKE BAY
99824,58.2738,-134.4013,DOUGLAS
99825,58.1256,-135.9631,ELFIN COVE
99826,58.8367,-136.9681,GUSTAVUS
99827,58.9715,-135.4092,HAINES
99829,58.0312,-135.7407,HOONAH
99830,56.9676,-133.9362,KAKE
99832,57.9578,-136.1146,PELICAN
99833,56.7115,-133.1328,PETERSBURG
99835,56.9436,-135.0518,SITKA
99836,56.2477,-133.6438,PORT ALEXANDER
99840,59.5719,-135.3534,SKAGWAY
99841,57.8367,-135.1332,TENAKEE SPRINGS
99850,58.3016,-134.4194,JUNEAU
99901,55.5837,-131.3930,KETCHIKAN
99903,56.3823,-131.8092,MEYERS CHUCK
99918,55.9633,-132.8145,COFFMAN COVE
99919,55.6515,-132.5423,THORNE BAY
99921,55.4517,-132.9926,CRAIG
99922,55.0960,-132.6182,HYDABURG
99923,55.9796,-130.0383,HYDER
99925,55.5498,-132.9676,KLAWOCK
99926,55.1450,-131.5439,METLAKATLA
99927,56.1513,-133.3490,POINT BAKER
99928,55.4104,-131.7237,WARD COVE
99929,56.1800,-132.0304,WRANGELL
99950,55.3560,-131.6937,KETCHIKAN
NG1,52.9536,-1.1505,NOTTINGHAM